Datetime,Close,High,Low,Open,Volume
2025-12-01 14:30:00+00:00,428.8949890136719,429.3900146484375,425.2999877929688,425.3500061035156,2812511
2025-12-01 14:35:00+00:00,427.4132080078125,431.4599914550781,427.4006958007813,428.8949890136719,1579211
2025-12-01 14:40:00+00:00,426.9125061035156,428.1199951171875,426.05999755859375,427.4400024414063,1048863
2025-12-01 14:45:00+00:00,426.4249877929688,428.3469848632813,425.8500061035156,426.9299926757813,1218157
2025-12-01 14:50:00+00:00,428.6495056152344,428.6518859863281,426.2799987792969,426.385009765625,857248
2025-12-01 14:55:00+00:00,429.0484924316406,429.5,428.2900085449219,428.6300048828125,870370
2025-12-01 15:00:00+00:00,428.3900146484375,430.2200012207031,428.1199951171875,429.0499877929688,1009457
2025-12-01 15:05:00+00:00,430.5799865722656,430.8999938964844,427.8500061035156,428.3399963378906,905115
2025-12-01 15:10:00+00:00,431.0249938964844,433.659912109375,430.1600036621094,430.5700073242188,1636274
2025-12-01 15:15:00+00:00,431.3550109863281,432.1000061035156,430.0799865722656,430.9700012207031,925374
2025-12-01 15:20:00+00:00,429.51409912109375,431.4107055664063,429.4100036621094,431.3500061035156,602375
2025-12-01 15:25:00+00:00,428.2999877929688,429.6394958496094,428.1900024414063,429.5450134277344,685439
2025-12-01 15:30:00+00:00,426.75,428.5700073242188,426.3299865722656,428.3163146972656,849541
2025-12-01 15:35:00+00:00,427.9714965820313,427.9898986816406,426.30999755859375,426.75,827837
2025-12-01 15:40:00+00:00,426.9400024414063,428.25,426.3399963378906,428.0,588280
2025-12-01 15:45:00+00:00,427.1300048828125,427.4599914550781,426.3599853515625,426.9100036621094,496343
2025-12-01 15:50:00+00:00,428.77880859375,428.8999938964844,427.1099853515625,427.1871948242188,654718
2025-12-01 15:55:00+00:00,429.5,429.6900024414063,428.6099853515625,428.7974853515625,673126
2025-12-01 16:00:00+00:00,428.7950134277344,429.6400146484375,428.7200012207031,429.510009765625,368223
2025-12-01 16:05:00+00:00,427.3454895019531,428.8800048828125,426.8900146484375,428.7950134277344,669236
2025-12-01 16:10:00+00:00,426.9649963378906,427.4500122070313,426.2286071777344,427.3340148925781,580867
2025-12-01 16:15:00+00:00,426.13470458984375,426.9400024414063,425.7999877929688,426.8999938964844,611247
2025-12-01 16:20:00+00:00,426.9400024414063,427.2000122070313,426.1099853515625,426.1799926757813,415991
2025-12-01 16:25:00+00:00,427.1299133300781,427.55999755859375,426.8500061035156,426.9700012207031,351037
2025-12-01 16:30:00+00:00,427.2149963378906,427.4299926757813,426.80999755859375,427.0899963378906,250688
2025-12-01 16:35:00+00:00,427.0350036621094,427.3200073242188,426.6199951171875,427.239990234375,289074
2025-12-01 16:40:00+00:00,427.6050109863281,427.9100036621094,426.7099914550781,427.0350036621094,381328
2025-12-01 16:45:00+00:00,428.1549987792969,428.4299926757813,427.4400024414063,427.5816955566406,395664
2025-12-01 16:50:00+00:00,427.68450927734375,428.25,427.5499877929688,428.1600036621094,317764
2025-12-01 16:55:00+00:00,428.0499877929688,428.1099853515625,427.3900146484375,427.67620849609375,281108
2025-12-01 17:00:00+00:00,428.5014953613281,428.5499877929688,427.7799987792969,428.0400085449219,359308
2025-12-01 17:05:00+00:00,428.8912963867188,429.55999755859375,428.5,428.5499877929688,571269
2025-12-01 17:10:00+00:00,428.2291870117188,429.1700134277344,428.1499938964844,428.8949890136719,418587
2025-12-01 17:15:00+00:00,427.577392578125,428.2698974609375,427.4500122070313,428.25,412595
2025-12-01 17:20:00+00:00,428.1734008789063,428.2000122070313,427.3299865722656,427.56451416015625,294903
2025-12-01 17:25:00+00:00,429.1465148925781,429.2000122070313,428.05999755859375,428.1900024414063,392240
2025-12-01 17:30:00+00:00,429.4400939941406,429.4700012207031,428.7900085449219,429.1300048828125,378143
2025-12-01 17:35:00+00:00,429.7634887695313,430.3999938964844,429.3900146484375,429.4299926757813,635132
2025-12-01 17:40:00+00:00,430.6593017578125,430.6799926757813,429.69281005859375,429.7000122070313,450422
2025-12-01 17:45:00+00:00,430.3775024414063,431.1099853515625,430.3699951171875,430.6300048828125,511834
2025-12-01 17:50:00+00:00,429.25,430.3800048828125,429.1700134277344,430.3794860839844,493005
2025-12-01 17:55:00+00:00,429.2900085449219,429.4200134277344,428.8900146484375,429.2799987792969,359557
2025-12-01 18:00:00+00:00,429.9500122070313,430.1199951171875,429.1400146484375,429.2889099121094,395226
2025-12-01 18:05:00+00:00,429.8200073242188,430.0299987792969,429.4500122070313,429.9299926757813,273640
2025-12-01 18:10:00+00:00,429.9549865722656,430.3299865722656,429.5,429.7461853027344,254409
2025-12-01 18:15:00+00:00,429.1467895507813,429.9992065429688,429.0499877929688,429.9299926757813,311785
2025-12-01 18:20:00+00:00,429.2095031738281,429.2489929199219,428.9100036621094,429.1600036621094,223567
2025-12-01 18:25:00+00:00,429.2799987792969,429.5325012207031,429.16009521484375,429.2200012207031,227950
2025-12-01 18:30:00+00:00,429.1400146484375,429.3800048828125,429.08599853515625,429.3150024414063,153207
2025-12-01 18:35:00+00:00,428.7999877929688,429.2699890136719,428.7300109863281,429.1199951171875,198088
2025-12-01 18:40:00+00:00,428.260009765625,428.8200073242188,428.05999755859375,428.8200073242188,356269
2025-12-01 18:45:00+00:00,427.864990234375,428.5400085449219,427.760009765625,428.260009765625,8209942
2025-12-01 18:50:00+00:00,427.8599853515625,428.1799926757813,427.75,427.864990234375,0
2025-12-01 18:55:00+00:00,428.4505004882813,428.8099060058594,427.7701110839844,427.8599853515625,395802
2025-12-01 19:00:00+00:00,427.7749938964844,428.6177062988281,427.739990234375,428.489990234375,427874
2025-12-01 19:05:00+00:00,427.3299865722656,427.7699890136719,427.1099853515625,427.75,399193
2025-12-01 19:10:00+00:00,427.760009765625,427.8200073242188,427.010009765625,427.3399963378906,367757
2025-12-01 19:15:00+00:00,427.760009765625,427.7998962402344,427.2200012207031,427.7334899902344,295697
2025-12-01 19:20:00+00:00,427.6900024414063,427.9700012207031,427.2999877929688,427.7449951171875,363036
2025-12-01 19:25:00+00:00,427.8482055664063,428.25,427.3999938964844,427.6830139160156,327598
2025-12-01 19:30:00+00:00,427.2398986816406,427.7799987792969,426.4700012207031,427.7799987792969,507152
2025-12-01 19:35:00+00:00,427.3599853515625,427.6600036621094,426.80999755859375,427.25,415498
2025-12-01 19:40:00+00:00,426.7000122070313,427.3999938964844,426.5499877929688,427.3999938964844,276607
2025-12-01 19:45:00+00:00,426.6299133300781,427.0899963378906,426.4949951171875,426.6925048828125,295447
2025-12-01 19:50:00+00:00,426.8500061035156,427.1900024414063,426.3200073242188,426.6700134277344,332187
2025-12-01 19:55:00+00:00,426.5122985839844,426.9444885253906,426.4500122070313,426.8200073242188,264561
2025-12-01 20:00:00+00:00,427.0404968261719,427.1000061035156,426.3399963378906,426.5199890136719,315218
2025-12-01 20:05:00+00:00,427.2999877929688,427.5899963378906,426.9299926757813,427.0201110839844,379140
2025-12-01 20:10:00+00:00,427.9939880371094,428.1000061035156,427.239990234375,427.2799987792969,411756
2025-12-01 20:15:00+00:00,427.7799987792969,428.0,427.5,427.9939880371094,279238
2025-12-01 20:20:00+00:00,428.3599853515625,428.6000061035156,427.7000122070313,427.7860107421875,452510
2025-12-01 20:25:00+00:00,428.8200073242188,428.8800048828125,428.2300109863281,428.3699951171875,364873
2025-12-01 20:30:00+00:00,428.9700012207031,429.3900146484375,428.5400085449219,428.8399963378906,562380
2025-12-01 20:35:00+00:00,429.6300048828125,429.7000122070313,428.943115234375,428.9736022949219,491143
2025-12-01 20:40:00+00:00,429.2943115234375,429.7200012207031,428.9500122070313,429.6400146484375,465750
2025-12-01 20:45:00+00:00,429.3609924316406,429.55999755859375,428.6700134277344,429.2999877929688,450356
2025-12-01 20:50:00+00:00,429.6199951171875,429.7200012207031,428.947998046875,429.3699951171875,550787
2025-12-01 20:55:00+00:00,430.2998962402344,430.2998962402344,429.3100891113281,429.6199951171875,1172232
2025-12-02 14:30:00+00:00,430.2778015136719,432.4898986816406,428.8500061035156,430.9599914550781,2515028
2025-12-02 14:35:00+00:00,432.0,433.5,429.4599914550781,430.2300109863281,1480342
2025-12-02 14:40:00+00:00,429.93011474609375,432.75,429.8200073242188,431.9779052734375,1108361
2025-12-02 14:45:00+00:00,429.6780090332031,430.7300109863281,428.7300109863281,430.0,1000379
2025-12-02 14:50:00+00:00,428.0779113769531,430.5899963378906,427.739990234375,429.7000122070313,1104397
2025-12-02 14:55:00+00:00,428.9584045410156,429.2900085449219,427.7699890136719,428.0899963378906,863642
2025-12-02 15:00:00+00:00,431.3399963378906,431.5199890136719,428.8999938964844,428.9500122070313,1086045
2025-12-02 15:05:00+00:00,435.3699951171875,435.5,431.2699890136719,431.3399963378906,1715006
2025-12-02 15:10:00+00:00,434.625,436.7999877929688,434.2200012207031,435.3800048828125,1982001
2025-12-02 15:15:00+00:00,433.1700134277344,434.7999877929688,432.6000061035156,434.6199951171875,1152860
2025-12-02 15:20:00+00:00,433.6000061035156,433.8078918457031,432.0400085449219,433.1549987792969,981602
2025-12-02 15:25:00+00:00,429.80999755859375,433.8699951171875,429.2300109863281,433.5979919433594,1419628
2025-12-02 15:30:00+00:00,429.716796875,430.5317077636719,429.1499938964844,429.864990234375,951130
2025-12-02 15:35:00+00:00,429.9500122070313,430.4700012207031,429.1300048828125,429.739990234375,835520
2025-12-02 15:40:00+00:00,430.5199890136719,431.6000061035156,429.8299865722656,429.9500122070313,843617
2025-12-02 15:45:00+00:00,430.8322143554688,430.9700012207031,430.0700988769531,430.5299987792969,526991
2025-12-02 15:50:00+00:00,430.9500122070313,431.9700012207031,430.7300109863281,430.8800048828125,731869
2025-12-02 15:55:00+00:00,429.7799072265625,431.1000061035156,429.5499877929688,430.9699096679688,566518
2025-12-02 16:00:00+00:00,428.80999755859375,429.7799987792969,428.5899963378906,429.760009765625,804085
2025-12-02 16:05:00+00:00,426.8900146484375,428.9700012207031,426.6600036621094,428.8294982910156,1109702
2025-12-02 16:10:00+00:00,425.7999877929688,427.4400024414063,425.4599914550781,426.8800048828125,1007763
2025-12-02 16:15:00+00:00,426.3421020507813,426.7000122070313,425.5499877929688,425.7000122070313,830576
2025-12-02 16:20:00+00:00,423.30999755859375,426.3800048828125,423.1300048828125,426.3349914550781,1316106
2025-12-02 16:25:00+00:00,424.1997985839844,424.3299865722656,423.0899963378906,423.2999877929688,856712
2025-12-02 16:30:00+00:00,422.9500122070313,424.6900024414063,422.1199951171875,424.1499938964844,978390
2025-12-02 16:35:00+00:00,424.364990234375,424.6499938964844,422.7385864257813,422.9172058105469,752800
2025-12-02 16:40:00+00:00,423.6000061035156,425.1099853515625,423.5899963378906,424.3800048828125,728995
2025-12-02 16:45:00+00:00,423.43011474609375,424.4425048828125,423.0,423.5750122070313,606144
2025-12-02 16:50:00+00:00,424.5499877929688,424.7000122070313,423.3828125,423.5299987792969,433119
2025-12-02 16:55:00+00:00,424.2650146484375,425.2000122070313,424.0499877929688,424.5700073242188,516417
2025-12-02 17:00:00+00:00,424.3900146484375,425.1000061035156,424.1300048828125,424.2999877929688,499727
2025-12-02 17:05:00+00:00,423.801513671875,424.7200012207031,423.739990234375,424.3699951171875,371830
2025-12-02 17:10:00+00:00,424.7650146484375,424.9299926757813,423.6300048828125,423.7999877929688,347745
2025-12-02 17:15:00+00:00,425.7749938964844,426.1300048828125,424.7000122070313,424.7799987792969,617833
2025-12-02 17:20:00+00:00,425.1000061035156,426.2099914550781,424.7999877929688,425.739990234375,562595
2025-12-02 17:25:00+00:00,425.51800537109375,425.8799133300781,425.010009765625,425.1011962890625,357358
2025-12-02 17:30:00+00:00,425.2200012207031,425.80999755859375,425.0799865722656,425.5299987792969,311561
2025-12-02 17:35:00+00:00,424.4400024414063,425.3349914550781,424.2701110839844,425.2063903808594,422955
2025-12-02 17:40:00+00:00,424.3250122070313,424.739990234375,424.1499938964844,424.4700012207031,307661
2025-12-02 17:45:00+00:00,424.8299865722656,424.9500122070313,424.2200012207031,424.30999755859375,333497
2025-12-02 17:50:00+00:00,424.4150085449219,425.0400085449219,423.9400024414063,424.8599853515625,371337
2025-12-02 17:55:00+00:00,423.3999938964844,424.5400085449219,423.3900146484375,424.3999938964844,360073
2025-12-02 18:00:00+00:00,423.1401062011719,424.0400085449219,423.1300964355469,423.3599853515625,413719
2025-12-02 18:05:00+00:00,423.9700012207031,424.6539916992188,423.0,423.1330871582031,443824
2025-12-02 18:10:00+00:00,424.3868103027344,424.4200134277344,423.4599914550781,423.9700012207031,323441
2025-12-02 18:15:00+00:00,424.6199951171875,424.7300109863281,424.0199890136719,424.3999938964844,295261
2025-12-02 18:20:00+00:00,425.05999755859375,425.409912109375,424.5,424.6448059082031,350994
2025-12-02 18:25:00+00:00,425.1195068359375,425.2999877929688,424.2999877929688,425.0694885253906,362427
2025-12-02 18:30:00+00:00,424.7799987792969,425.3500061035156,424.4601135253906,425.0,289507
2025-12-02 18:35:00+00:00,424.4601135253906,425.0400085449219,424.0700073242188,424.6950073242188,290084
2025-12-02 18:40:00+00:00,425.2349853515625,425.5499877929688,424.05999755859375,424.4664001464844,341241
2025-12-02 18:45:00+00:00,425.4656066894531,425.7999877929688,424.85009765625,425.2000122070313,399265
2025-12-02 18:50:00+00:00,425.8999938964844,425.9800109863281,424.8900146484375,425.489990234375,352891
2025-12-02 18:55:00+00:00,426.1900024414063,426.2699890136719,425.3800048828125,425.9500122070313,321780
2025-12-02 19:00:00+00:00,427.1535949707031,427.3099060058594,425.8999938964844,426.1600036621094,535851
2025-12-02 19:05:00+00:00,426.7384948730469,427.5700073242188,426.6400146484375,427.1700134277344,472914
2025-12-02 19:10:00+00:00,426.8500061035156,427.1000061035156,426.3800048828125,426.7099914550781,375418
2025-12-02 19:15:00+00:00,426.4906921386719,427.2000122070313,426.43011474609375,426.8200073242188,366787
2025-12-02 19:20:00+00:00,425.7799987792969,426.6000061035156,425.3599853515625,426.4800109863281,471851
2025-12-02 19:25:00+00:00,426.8200073242188,426.989990234375,425.6000061035156,425.7799987792969,397776
2025-12-02 19:30:00+00:00,427.864990234375,428.010009765625,426.75,426.8200073242188,532572
2025-12-02 19:35:00+00:00,427.9500122070313,428.0899963378906,427.5799865722656,427.8255920410156,417257
2025-12-02 19:40:00+00:00,427.6600036621094,428.1300048828125,427.510009765625,427.9649963378906,353433
2025-12-02 19:45:00+00:00,428.5499877929688,428.6700134277344,427.5505981445313,427.6700134277344,467600
2025-12-02 19:50:00+00:00,428.7417907714844,429.30999755859375,428.3699951171875,428.5400085449219,574415
2025-12-02 19:55:00+00:00,429.239990234375,429.3999938964844,428.6600036621094,428.760009765625,411463
2025-12-02 20:00:00+00:00,429.2099914550781,429.4400024414063,428.7099914550781,429.2296142578125,467924
2025-12-02 20:05:00+00:00,430.1550903320313,430.1600036621094,429.1348876953125,429.21868896484375,613987
2025-12-02 20:10:00+00:00,430.8900146484375,431.05999755859375,429.6499938964844,430.1700134277344,700206
2025-12-02 20:15:00+00:00,430.510009765625,430.9700012207031,430.1199951171875,430.9100036621094,574258
2025-12-02 20:20:00+00:00,430.1000061035156,430.739990234375,430.05999755859375,430.5299987792969,442982
2025-12-02 20:25:00+00:00,430.3900146484375,430.4800109863281,430.1000061035156,430.1099853515625,370814
2025-12-02 20:30:00+00:00,429.8699951171875,430.5,429.43011474609375,430.3800048828125,500798
2025-12-02 20:35:00+00:00,429.125,429.8999938964844,429.0299987792969,429.8399963378906,500339
2025-12-02 20:40:00+00:00,429.2449951171875,429.4500122070313,428.9200134277344,429.1278076171875,450395
2025-12-02 20:45:00+00:00,429.6903076171875,429.7099914550781,429.0255126953125,429.260009765625,388812
2025-12-02 20:50:00+00:00,429.1799926757813,430.0,429.0899963378906,429.6900024414063,543137
2025-12-02 20:55:00+00:00,429.010009765625,429.7799987792969,429.010009765625,429.1499938964844,941952
2025-12-03 14:30:00+00:00,435.43499755859375,437.4400024414063,431.1174011230469,431.8450012207031,4529065
2025-12-03 14:35:00+00:00,433.7300109863281,437.15960693359375,433.3587036132813,435.41259765625,1544715
2025-12-03 14:40:00+00:00,436.5498962402344,438.6000061035156,433.6900024414063,433.760009765625,2410285
2025-12-03 14:45:00+00:00,437.0899963378906,438.1900024414063,436.1099853515625,436.5400085449219,1334033
2025-12-03 14:50:00+00:00,438.2161865234375,438.8900146484375,436.5700073242188,437.0799865722656,1553788
2025-12-03 14:55:00+00:00,437.4400024414063,438.75,437.0799865722656,438.2300109863281,1110379
2025-12-03 15:00:00+00:00,441.3999938964844,441.6000061035156,436.9700012207031,437.4400024414063,2186534
2025-12-03 15:05:00+00:00,440.8599853515625,442.05999755859375,440.0700988769531,441.340087890625,1510247
2025-12-03 15:10:00+00:00,438.8900146484375,441.4299926757813,438.6199951171875,440.8599853515625,1310632
2025-12-03 15:15:00+00:00,440.7300109863281,441.1499938964844,438.4700012207031,438.9599914550781,1151849
2025-12-03 15:20:00+00:00,442.2832946777344,442.2999877929688,439.8399963378906,440.6799926757813,1179643
2025-12-03 15:25:00+00:00,441.2699890136719,442.6099853515625,440.25,442.3200073242188,942388
2025-12-03 15:30:00+00:00,443.0653076171875,443.2200012207031,440.6499938964844,441.260009765625,1169379
2025-12-03 15:35:00+00:00,443.4599914550781,444.0299987792969,442.6600036621094,443.0750122070313,1113124
2025-12-03 15:40:00+00:00,444.2099914550781,444.3800048828125,443.43450927734375,443.5,919973
2025-12-03 15:45:00+00:00,442.6600036621094,444.2000122070313,442.590087890625,444.2000122070313,804992
2025-12-03 15:50:00+00:00,441.3999938964844,443.4784851074219,441.3399963378906,442.6300048828125,752585
2025-12-03 15:55:00+00:00,440.6401062011719,442.0,440.3399963378906,441.3900146484375,1004088
2025-12-03 16:00:00+00:00,441.25,441.7900085449219,440.2699890136719,440.6449890136719,894929
2025-12-03 16:05:00+00:00,439.489990234375,441.260009765625,439.3999938964844,441.2250061035156,719684
2025-12-03 16:10:00+00:00,439.4473876953125,440.0400085449219,438.7699890136719,439.4700012207031,867356
2025-12-03 16:15:00+00:00,439.80999755859375,439.8689880371094,438.4800109863281,439.4599914550781,727861
2025-12-03 16:20:00+00:00,438.55999755859375,439.8299865722656,437.75,439.8299865722656,841951
2025-12-03 16:25:00+00:00,439.50201416015625,439.5086059570313,438.3324890136719,438.5899963378906,537713
2025-12-03 16:30:00+00:00,440.7449951171875,441.0899963378906,439.1900024414063,439.510009765625,904176
2025-12-03 16:35:00+00:00,441.0950012207031,441.7799987792969,440.2799987792969,440.7449951171875,632892
2025-12-03 16:40:00+00:00,442.1499938964844,442.30999755859375,441.0989990234375,441.1300048828125,621815
2025-12-03 16:45:00+00:00,440.5,442.2799987792969,440.4200134277344,442.1700134277344,666775
2025-12-03 16:50:00+00:00,440.9200134277344,441.7999877929688,439.7300109863281,440.54290771484375,783147
2025-12-03 16:55:00+00:00,440.1900024414063,440.9107055664063,439.510009765625,440.8550109863281,617060
2025-12-03 17:00:00+00:00,440.7200012207031,440.8200073242188,439.6499938964844,440.1994934082031,479634
2025-12-03 17:05:00+00:00,439.760009765625,440.8599853515625,439.4200134277344,440.7650146484375,408476
2025-12-03 17:10:00+00:00,440.37799072265625,440.6900024414063,439.5799865722656,439.739990234375,397173
2025-12-03 17:15:00+00:00,440.8699951171875,441.0,440.3399963378906,440.3900146484375,401112
2025-12-03 17:20:00+00:00,441.1950988769531,441.3999938964844,440.7699890136719,440.8599853515625,436234
2025-12-03 17:25:00+00:00,441.2999877929688,441.5599060058594,440.9700012207031,441.22601318359375,322898
2025-12-03 17:30:00+00:00,441.5199890136719,441.75,441.0,441.2799987792969,318697
2025-12-03 17:35:00+00:00,441.8900146484375,441.9800109863281,441.2699890136719,441.5199890136719,318896
2025-12-03 17:40:00+00:00,441.6199951171875,442.1199951171875,441.5499877929688,441.89349365234375,375445
2025-12-03 17:45:00+00:00,441.989990234375,442.1799926757813,441.31781005859375,441.5899963378906,359309
2025-12-03 17:50:00+00:00,441.8190002441406,442.05999755859375,441.3169860839844,441.9800109863281,315567
2025-12-03 17:55:00+00:00,441.2149963378906,441.839599609375,440.9700012207031,441.80999755859375,340033
2025-12-03 18:00:00+00:00,441.9700012207031,442.3699951171875,441.010009765625,441.25,443977
2025-12-03 18:05:00+00:00,441.7445983886719,442.1499938964844,441.3399963378906,441.9800109863281,316421
2025-12-03 18:10:00+00:00,441.7701110839844,442.1600036621094,441.6099853515625,441.7110900878906,267488
2025-12-03 18:15:00+00:00,441.4778137207031,442.05999755859375,441.3599853515625,441.7900085449219,260114
2025-12-03 18:20:00+00:00,441.7799987792969,441.9400024414063,441.2799987792969,441.4649963378906,275771
2025-12-03 18:25:00+00:00,443.2799987792969,443.3049926757813,441.760009765625,441.806396484375,592616
2025-12-03 18:30:00+00:00,443.1553039550781,443.3399963378906,442.7200012207031,443.2999877929688,468284
2025-12-03 18:35:00+00:00,443.1600036621094,443.2098083496094,442.6099853515625,443.1499938964844,346643
2025-12-03 18:40:00+00:00,443.82470703125,443.9898986816406,442.9400024414063,443.1850891113281,517686
2025-12-03 18:45:00+00:00,445.010009765625,445.1499938964844,443.7300109863281,443.8150024414063,1034949
2025-12-03 18:50:00+00:00,446.9549865722656,447.5,444.9400024414063,445.0299987792969,1435389
2025-12-03 18:55:00+00:00,446.4249877929688,447.0,446.260009765625,446.9500122070313,863923
2025-12-03 19:00:00+00:00,446.2919921875,447.25,446.010009765625,446.4200134277344,740345
2025-12-03 19:05:00+00:00,446.75,447.0499877929688,446.0199890136719,446.30999755859375,530160
2025-12-03 19:10:00+00:00,447.4518127441406,447.6700134277344,446.4549865722656,446.7300109863281,637988
2025-12-03 19:15:00+00:00,447.2253112792969,447.6759948730469,447.0299987792969,447.4599914550781,567250
2025-12-03 19:20:00+00:00,447.6799926757813,447.9142150878906,447.05999755859375,447.2300109863281,629337
2025-12-03 19:25:00+00:00,446.9700012207031,447.8299865722656,446.8800048828125,447.6799926757813,486169
2025-12-03 19:30:00+00:00,446.05999755859375,447.0199890136719,445.6600036621094,446.9700012207031,802711
2025-12-03 19:35:00+00:00,446.1531982421875,446.4898986816406,445.7699890136719,446.0450134277344,527382
2025-12-03 19:40:00+00:00,446.0,446.3970031738281,445.8599853515625,446.1600036621094,463162
2025-12-03 19:45:00+00:00,445.7999877929688,446.0700073242188,445.5199890136719,445.9700012207031,402269
2025-12-03 19:50:00+00:00,445.8864135742188,446.25,445.6199951171875,445.8200073242188,431186
2025-12-03 19:55:00+00:00,445.4200134277344,446.1299133300781,445.0299987792969,445.8999938964844,475633
2025-12-03 20:00:00+00:00,446.3299865722656,446.9500122070313,445.4599914550781,445.4800109863281,771005
2025-12-03 20:05:00+00:00,446.4153137207031,446.6799926757813,445.9599914550781,446.3349914550781,464282
2025-12-03 20:10:00+00:00,447.5504150390625,447.7699890136719,446.29400634765625,446.4100036621094,698809
2025-12-03 20:15:00+00:00,446.80999755859375,447.6000061035156,446.75,447.5700073242188,510402
2025-12-03 20:20:00+00:00,446.78900146484375,447.010009765625,446.30999755859375,446.8375854492188,449000
2025-12-03 20:25:00+00:00,446.2999877929688,446.8800048828125,446.1499938964844,446.7699890136719,416073
2025-12-03 20:30:00+00:00,446.8399963378906,447.1799926757813,446.2000122070313,446.2900085449219,610208
2025-12-03 20:35:00+00:00,446.7300109863281,447.2699890136719,446.68499755859375,446.8301086425781,424016
2025-12-03 20:40:00+00:00,446.3099060058594,447.0899963378906,446.1900024414063,446.7300109863281,475876
2025-12-03 20:45:00+00:00,446.8299865722656,447.1400146484375,446.0799865722656,446.2900085449219,591005
2025-12-03 20:50:00+00:00,446.739990234375,447.2699890136719,446.2300109863281,446.80999755859375,814369
2025-12-03 20:55:00+00:00,446.8800048828125,447.2699890136719,445.2799987792969,446.7200012207031,1550665
2025-12-04 14:30:00+00:00,446.1000061035156,450.8800048828125,445.8500061035156,449.6000061035156,4532504
2025-12-04 14:35:00+00:00,449.9119873046875,451.489990234375,445.9299926757813,446.1400146484375,2124050
2025-12-04 14:40:00+00:00,452.0199890136719,452.5400085449219,449.7000122070313,449.8699951171875,1943522
2025-12-04 14:45:00+00:00,453.385009765625,454.0799865722656,451.8800048828125,451.9800109863281,1758957
2025-12-04 14:50:00+00:00,453.0799865722656,454.625,452.3999938964844,453.3500061035156,1481281
2025-12-04 14:55:00+00:00,450.9507141113281,454.3599853515625,450.5899963378906,453.0625,1404370
2025-12-04 15:00:00+00:00,451.8655090332031,452.2999877929688,450.68060302734375,450.9693908691406,940454
2025-12-04 15:05:00+00:00,450.2900085449219,452.739990234375,449.1499938964844,451.8599853515625,1261559
2025-12-04 15:10:00+00:00,449.6199951171875,450.6400146484375,449.2099914550781,450.260009765625,833017
2025-12-04 15:15:00+00:00,449.1700134277344,450.0700073242188,448.6499938964844,449.6199951171875,856683
2025-12-04 15:20:00+00:00,447.4100036621094,449.9500122070313,447.0899963378906,449.0499877929688,1006840
2025-12-04 15:25:00+00:00,448.510009765625,449.0899963378906,445.3900146484375,447.3800048828125,1539106
2025-12-04 15:30:00+00:00,450.5650024414063,450.5899963378906,447.8760070800781,448.5299987792969,999066
2025-12-04 15:35:00+00:00,450.8599853515625,451.7099914550781,450.1199951171875,450.5499877929688,900496
2025-12-04 15:40:00+00:00,450.2699890136719,451.4299926757813,449.6205139160156,450.8594970703125,754323
2025-12-04 15:45:00+00:00,448.7708129882813,450.455810546875,448.25,450.2999877929688,662917
2025-12-04 15:50:00+00:00,449.2200012207031,449.260009765625,447.9400024414063,448.7460021972656,622617
2025-12-04 15:55:00+00:00,448.3450012207031,449.5299987792969,448.2799987792969,449.2349853515625,519708
2025-12-04 16:00:00+00:00,447.3786010742188,448.9296875,447.2999877929688,448.3550109863281,603041
2025-12-04 16:05:00+00:00,448.8349914550781,449.05999755859375,446.80999755859375,447.4068908691406,689795
2025-12-04 16:10:00+00:00,447.9045104980469,449.0799865722656,447.5700988769531,448.8599853515625,631222
2025-12-04 16:15:00+00:00,448.2298889160156,448.510009765625,447.30999755859375,447.8999938964844,442128
2025-12-04 16:20:00+00:00,449.1300048828125,449.4299926757813,447.8900146484375,448.1950073242188,545809
2025-12-04 16:25:00+00:00,448.6300048828125,449.4200134277344,448.4200134277344,449.135009765625,409615
2025-12-04 16:30:00+00:00,449.3900146484375,449.8200073242188,448.4303894042969,448.5400085449219,517476
2025-12-04 16:35:00+00:00,449.260009765625,449.7799987792969,448.5,449.3999938964844,514455
2025-12-04 16:40:00+00:00,448.5321960449219,450.2999877929688,448.30999755859375,449.2699890136719,625504
2025-12-04 16:45:00+00:00,449.62640380859375,449.760009765625,448.5400085449219,448.5447082519531,437124
2025-12-04 16:50:00+00:00,448.82080078125,449.80999755859375,448.80999755859375,449.6799926757813,372715
2025-12-04 16:55:00+00:00,449.7200012207031,449.8299865722656,448.6170043945313,448.7999877929688,338724
2025-12-04 17:00:00+00:00,450.2300109863281,450.7999877929688,449.5,449.7200012207031,550544
2025-12-04 17:05:00+00:00,449.7000122070313,450.3699951171875,449.2999877929688,450.2300109863281,433365
2025-12-04 17:10:00+00:00,450.1409912109375,450.1499938964844,449.1400146484375,449.6900024414063,370118
2025-12-04 17:15:00+00:00,450.4498901367188,450.5398864746094,449.5899963378906,450.1400146484375,308026
2025-12-04 17:20:00+00:00,449.9299926757813,450.7900085449219,449.75,450.4200134277344,403484
2025-12-04 17:25:00+00:00,449.80999755859375,450.3877868652344,449.783203125,449.93499755859375,299249
2025-12-04 17:30:00+00:00,449.2200012207031,449.8760070800781,448.8370056152344,449.8299865722656,426692
2025-12-04 17:35:00+00:00,449.1799926757813,449.75,449.1449890136719,449.2427062988281,310270
2025-12-04 17:40:00+00:00,449.3900146484375,449.4498901367188,448.6000061035156,449.2300109863281,354343
2025-12-04 17:45:00+00:00,448.2900085449219,449.4700012207031,448.2900085449219,449.3800964355469,355036
2025-12-04 17:50:00+00:00,448.4800109863281,448.8659973144531,448.1400146484375,448.3250122070313,298977
2025-12-04 17:55:00+00:00,448.4067077636719,448.7499084472656,448.010009765625,448.5,299965
2025-12-04 18:00:00+00:00,447.75,448.659912109375,447.4500122070313,448.3599853515625,346191
2025-12-04 18:05:00+00:00,447.2449951171875,447.7370910644531,446.6000061035156,447.7107849121094,506771
2025-12-04 18:10:00+00:00,448.5849914550781,448.625,446.8200073242188,447.260009765625,488779
2025-12-04 18:15:00+00:00,448.489990234375,448.7284851074219,448.260009765625,448.5899963378906,344233
2025-12-04 18:20:00+00:00,449.0400085449219,449.3900146484375,448.489990234375,448.5169982910156,406668
2025-12-04 18:25:00+00:00,448.4599914550781,449.0899963378906,448.05999755859375,449.0494995117188,308761
2025-12-04 18:30:00+00:00,448.6700134277344,448.9800109863281,448.3599853515625,448.4599914550781,297622
2025-12-04 18:35:00+00:00,449.1205139160156,449.3200073242188,448.4599914550781,448.6700134277344,274925
2025-12-04 18:40:00+00:00,448.8301086425781,449.2929992675781,448.2799987792969,449.1498107910156,318685
2025-12-04 18:45:00+00:00,448.6900024414063,449.3800048828125,448.5700073242188,448.8996887207031,254767
2025-12-04 18:50:00+00:00,448.7120056152344,449.1799926757813,448.6000061035156,448.7200012207031,207020
2025-12-04 18:55:00+00:00,448.7699890136719,448.8500061035156,448.3500061035156,448.7149963378906,258648
2025-12-04 19:00:00+00:00,448.7749938964844,449.1199951171875,448.489990234375,448.7774963378906,211639
2025-12-04 19:05:00+00:00,449.010009765625,449.3599853515625,448.6099853515625,448.74798583984375,298086
2025-12-04 19:10:00+00:00,448.8450012207031,449.2699890136719,448.55999755859375,449.0249938964844,268382
2025-12-04 19:15:00+00:00,447.95989990234375,449.3900146484375,447.9200134277344,448.7999877929688,394099
2025-12-04 19:20:00+00:00,446.7799987792969,448.0400085449219,446.2000122070313,447.9299926757813,718720
2025-12-04 19:25:00+00:00,447.5350036621094,448.0199890136719,446.6700134277344,446.7799987792969,501815
2025-12-04 19:30:00+00:00,448.4200134277344,448.468994140625,447.340087890625,447.5199890136719,363144
2025-12-04 19:35:00+00:00,449.3299865722656,449.9299926757813,448.4100036621094,448.4100036621094,824895
2025-12-04 19:40:00+00:00,449.55999755859375,449.760009765625,448.85009765625,449.3599853515625,402563
2025-12-04 19:45:00+00:00,449.85198974609375,450.1499938964844,449.4299926757813,449.5499877929688,489574
2025-12-04 19:50:00+00:00,449.6730041503906,450.1099853515625,449.3999938964844,449.87939453125,382535
2025-12-04 19:55:00+00:00,449.6000061035156,449.9490051269531,449.2999877929688,449.6549987792969,310608
2025-12-04 20:00:00+00:00,449.6900024414063,450.0,449.4599914550781,449.5400085449219,331486
2025-12-04 20:05:00+00:00,449.5400085449219,449.9500122070313,448.8500061035156,449.6799926757813,459487
2025-12-04 20:10:00+00:00,449.7763977050781,450.1289978027344,449.4400024414063,449.5307922363281,387889
2025-12-04 20:15:00+00:00,450.1199951171875,450.1199951171875,449.3299865722656,449.7605895996094,323683
2025-12-04 20:20:00+00:00,449.9902038574219,450.4299011230469,449.6300048828125,450.1199951171875,349169
2025-12-04 20:25:00+00:00,450.7850036621094,451.0299987792969,449.8599853515625,450.0,580697
2025-12-04 20:30:00+00:00,451.2518005371094,451.6799011230469,450.7900085449219,450.8200073242188,616499
2025-12-04 20:35:00+00:00,451.239990234375,451.5203857421875,450.9399108886719,451.2668151855469,440159
2025-12-04 20:40:00+00:00,451.3800048828125,451.75,450.9949951171875,451.3099060058594,468263
2025-12-04 20:45:00+00:00,451.4700012207031,451.6799926757813,450.7799987792969,451.3699951171875,450257
2025-12-04 20:50:00+00:00,453.2650146484375,453.2898864746094,451.4700012207031,451.4700012207031,1218404
2025-12-04 20:55:00+00:00,454.510009765625,454.6300048828125,453.260009765625,453.2799987792969,2101873
2025-12-05 14:30:00+00:00,455.2200927734375,456.0845031738281,452.9700012207031,452.9700012207031,2910731
2025-12-05 14:35:00+00:00,455.7000122070313,458.5,455.0,455.2300109863281,1857086
2025-12-05 14:40:00+00:00,455.75,455.8599853515625,453.3500061035156,455.6199951171875,1336325
2025-12-05 14:45:00+00:00,456.114990234375,457.260009765625,455.0700073242188,455.7349853515625,1150627
2025-12-05 14:50:00+00:00,455.4493103027344,456.3399963378906,454.5,456.1199951171875,820665
2025-12-05 14:55:00+00:00,455.1499938964844,456.010009765625,454.0499877929688,455.4150085449219,677801
2025-12-05 15:00:00+00:00,456.1028137207031,456.8500061035156,454.0199890136719,455.2000122070313,1043326
2025-12-05 15:05:00+00:00,456.2998962402344,456.5,455.4200134277344,456.1400146484375,683365
2025-12-05 15:10:00+00:00,456.2486877441406,456.9800109863281,455.6000061035156,456.2749938964844,769202
2025-12-05 15:15:00+00:00,454.9800109863281,456.3299865722656,454.760009765625,456.2662048339844,600725
2025-12-05 15:20:00+00:00,456.3299865722656,456.3999938964844,454.8200073242188,454.9599914550781,662807
2025-12-05 15:25:00+00:00,455.7701110839844,456.4200134277344,455.1400146484375,456.3500061035156,453642
2025-12-05 15:30:00+00:00,456.2999877929688,456.3500061035156,455.55999755859375,455.7539978027344,436160
2025-12-05 15:35:00+00:00,457.9549865722656,457.9800109863281,455.78131103515625,456.2699890136719,837965
2025-12-05 15:40:00+00:00,457.9482116699219,458.3900146484375,457.1499938964844,457.9549865722656,882777
2025-12-05 15:45:00+00:00,458.7699890136719,458.8699951171875,456.9299926757813,457.9495849609375,1119482
2025-12-05 15:50:00+00:00,456.6900939941406,458.7799072265625,456.5,458.7000122070313,858546
2025-12-05 15:55:00+00:00,456.3699951171875,456.7900085449219,455.2699890136719,456.7099914550781,794251
2025-12-05 16:00:00+00:00,455.8999938964844,457.0802001953125,455.3699951171875,456.3699951171875,641512
2025-12-05 16:05:00+00:00,455.6099853515625,456.1000061035156,455.0199890136719,455.8200073242188,587127
2025-12-05 16:10:00+00:00,454.1099853515625,455.8552856445313,454.0700073242188,455.6304931640625,624841
2025-12-05 16:15:00+00:00,452.6650085449219,454.1300048828125,452.5799865722656,454.05999755859375,1065554
2025-12-05 16:20:00+00:00,453.1900024414063,454.0799865722656,452.4700012207031,452.6499938964844,783544
2025-12-05 16:25:00+00:00,453.125,454.3299865722656,453.0299987792969,453.1700134277344,572117
2025-12-05 16:30:00+00:00,453.3500061035156,453.6384887695313,451.6600036621094,453.125,837116
2025-12-05 16:35:00+00:00,453.7334899902344,454.0,453.010009765625,453.3900146484375,399400
2025-12-05 16:40:00+00:00,454.2955017089844,454.6199951171875,453.3399963378906,453.6400146484375,485028
2025-12-05 16:45:00+00:00,454.635009765625,455.0199890136719,454.052001953125,454.2699890136719,483600
2025-12-05 16:50:00+00:00,455.3699951171875,455.4400024414063,454.2200012207031,454.5799865722656,422349
2025-12-05 16:55:00+00:00,455.0350036621094,455.6000061035156,454.9800109863281,455.3500061035156,426826
2025-12-05 17:00:00+00:00,454.510009765625,455.2000122070313,454.1499938964844,455.0245056152344,502619
2025-12-05 17:05:00+00:00,453.8750915527344,454.7200012207031,453.2503051757813,454.5,448761
2025-12-05 17:10:00+00:00,453.4400024414063,453.8900146484375,453.0499877929688,453.8599853515625,322211
2025-12-05 17:15:00+00:00,453.8999938964844,454.0,453.2950134277344,453.4194946289063,259814
2025-12-05 17:20:00+00:00,453.9713134765625,454.2300109863281,453.5,453.8949890136719,319363
2025-12-05 17:25:00+00:00,453.5499877929688,454.1499938964844,453.2699890136719,453.9599914550781,223985
2025-12-05 17:30:00+00:00,453.6499938964844,453.7799987792969,453.3500061035156,453.4800109863281,230114
2025-12-05 17:35:00+00:00,454.1700134277344,454.3800048828125,453.2999877929688,453.6300048828125,346218
2025-12-05 17:40:00+00:00,453.9849853515625,454.2200012207031,453.6799926757813,454.1950073242188,212670
2025-12-05 17:45:00+00:00,453.9200134277344,454.3699951171875,453.7799987792969,454.0,232358
2025-12-05 17:50:00+00:00,454.739990234375,454.8500061035156,453.8200988769531,453.9400024414063,349948
2025-12-05 17:55:00+00:00,454.6521911621094,454.7900085449219,454.0801086425781,454.7000122070313,260564
2025-12-05 18:00:00+00:00,454.489990234375,454.7999877929688,454.4100036621094,454.6700134277344,208056
2025-12-05 18:05:00+00:00,454.5450134277344,454.7048034667969,454.1799926757813,454.510009765625,222828
2025-12-05 18:10:00+00:00,454.4150085449219,454.6499938964844,454.2900085449219,454.55999755859375,194500
2025-12-05 18:15:00+00:00,454.5763854980469,454.6700134277344,454.0,454.4299926757813,268514
2025-12-05 18:20:00+00:00,454.5150146484375,454.6499938964844,453.9100036621094,454.5750122070313,274028
2025-12-05 18:25:00+00:00,455.2799987792969,455.5299987792969,454.4500122070313,454.510009765625,506071
2025-12-05 18:30:00+00:00,455.4400024414063,455.5899963378906,455.1499938964844,455.2789916992188,317262
2025-12-05 18:35:00+00:00,454.9700012207031,455.4700012207031,454.6799926757813,455.4500122070313,327371
2025-12-05 18:40:00+00:00,454.860107421875,455.0799865722656,454.2000122070313,454.9800109863281,322918
2025-12-05 18:45:00+00:00,455.0,455.0199890136719,454.3299865722656,454.8836059570313,241760
2025-12-05 18:50:00+00:00,454.8250122070313,455.2000122070313,454.5299987792969,455.0199890136719,226632
2025-12-05 18:55:00+00:00,454.510009765625,454.98968505859375,454.4751892089844,454.80999755859375,181696
2025-12-05 19:00:00+00:00,454.2999877929688,454.7999877929688,454.25,454.5249938964844,224726
2025-12-05 19:05:00+00:00,454.135009765625,454.4400024414063,454.0799865722656,454.2900085449219,236624
2025-12-05 19:10:00+00:00,454.4599914550781,454.4800109863281,453.9100036621094,454.125,305787
2025-12-05 19:15:00+00:00,454.0899963378906,454.6962890625,453.6499938964844,454.4800109863281,330222
2025-12-05 19:20:00+00:00,454.1629943847656,454.5,453.8999938964844,454.0950012207031,240955
2025-12-05 19:25:00+00:00,454.760009765625,454.9200134277344,454.1199951171875,454.1330871582031,918679
2025-12-05 19:30:00+00:00,454.76220703125,454.9500122070313,454.2999877929688,454.7650146484375,329041
2025-12-05 19:35:00+00:00,454.7699890136719,454.8900146484375,454.5299987792969,454.75,237751
2025-12-05 19:40:00+00:00,454.4800109863281,454.9400024414063,454.3699951171875,454.7999877929688,246183
2025-12-05 19:45:00+00:00,454.2799987792969,454.5199890136719,454.05999755859375,454.4660034179688,233342
2025-12-05 19:50:00+00:00,455.19720458984375,455.2300109863281,454.1803894042969,454.2879943847656,342097
2025-12-05 19:55:00+00:00,455.2369995117188,455.8150024414063,455.1449890136719,455.2000122070313,530548
2025-12-05 20:00:00+00:00,454.9500122070313,455.3800048828125,454.9100036621094,455.239990234375,335670
2025-12-05 20:05:00+00:00,455.1600036621094,455.3999938964844,454.8800048828125,454.9200134277344,307176
2025-12-05 20:10:00+00:00,455.2099914550781,455.2999877929688,454.785400390625,455.144287109375,297192
2025-12-05 20:15:00+00:00,455.6700134277344,455.75,455.1099853515625,455.2200012207031,322129
2025-12-05 20:20:00+00:00,455.3536071777344,455.739990234375,455.2799987792969,455.6700134277344,319729
2025-12-05 20:25:00+00:00,455.21978759765625,455.4400024414063,454.9500122070313,455.3599853515625,353847
2025-12-05 20:30:00+00:00,455.3125,455.3198852539063,454.8699951171875,455.2200012207031,339885
2025-12-05 20:35:00+00:00,455.0700073242188,455.4649963378906,455.0299987792969,455.2699890136719,286033
2025-12-05 20:40:00+00:00,455.0701904296875,455.260009765625,454.75,455.0799865722656,359903
2025-12-05 20:45:00+00:00,454.6300048828125,455.1799926757813,454.2999877929688,455.0799865722656,411012
2025-12-05 20:50:00+00:00,454.9049987792969,455.2000122070313,454.4400024414063,454.6400146484375,606085
2025-12-05 20:55:00+00:00,454.9400024414063,455.30999755859375,454.625,454.9299926757813,1091678
2025-12-08 14:30:00+00:00,446.4411010742188,449.7463073730469,445.8299865722656,447.364990234375,3374009
2025-12-08 14:35:00+00:00,444.0299987792969,446.5799865722656,443.7999877929688,446.4800109863281,1764852
2025-12-08 14:40:00+00:00,446.656005859375,446.75,443.8500061035156,444.0899963378906,1372967
2025-12-08 14:45:00+00:00,447.12249755859375,448.2698974609375,445.4400024414063,446.7099914550781,1415426
2025-12-08 14:50:00+00:00,446.375,447.4415893554688,445.260009765625,447.0899963378906,891098
2025-12-08 14:55:00+00:00,445.1087951660156,446.4599914550781,444.6700134277344,446.4159851074219,784180
2025-12-08 15:00:00+00:00,444.9649963378906,445.6000061035156,443.75,445.0549926757813,1108020
2025-12-08 15:05:00+00:00,445.2799987792969,445.5299987792969,443.9200134277344,444.9500122070313,912918
2025-12-08 15:10:00+00:00,444.26470947265625,445.4100036621094,443.3800048828125,445.24169921875,976522
2025-12-08 15:15:00+00:00,444.5824890136719,444.8590087890625,443.9500122070313,444.30999755859375,559399
2025-12-08 15:20:00+00:00,444.1499938964844,445.4800109863281,443.6545104980469,444.5499877929688,758372
2025-12-08 15:25:00+00:00,443.4872131347656,444.1749877929688,442.1799926757813,444.1575012207031,1065402
2025-12-08 15:30:00+00:00,443.4236145019531,444.1099853515625,442.71978759765625,443.4400024414063,645239
2025-12-08 15:35:00+00:00,442.80999755859375,443.6000061035156,442.6199951171875,443.4094848632813,584030
2025-12-08 15:40:00+00:00,441.739990234375,442.9498901367188,441.5700073242188,442.80999755859375,784584
2025-12-08 15:45:00+00:00,442.1899108886719,442.1899108886719,441.1600036621094,441.7195129394531,796125
2025-12-08 15:50:00+00:00,441.3599853515625,442.1900024414063,441.2799987792969,442.1400146484375,513073
2025-12-08 15:55:00+00:00,440.0499877929688,442.260009765625,439.7699890136719,441.3537902832031,1128815
2025-12-08 16:00:00+00:00,439.5728149414063,440.5,439.1000061035156,440.0000915527344,979048
2025-12-08 16:05:00+00:00,439.6499938964844,440.1499938964844,438.7900085449219,439.6000061035156,828132
2025-12-08 16:10:00+00:00,438.7200012207031,439.9699096679688,438.2699890136719,439.6998901367188,772378
2025-12-08 16:15:00+00:00,438.6400146484375,439.25,438.4500122070313,438.6828002929688,597165
2025-12-08 16:20:00+00:00,439.1235046386719,439.8399963378906,438.56878662109375,438.5899963378906,711434
2025-12-08 16:25:00+00:00,438.5180969238281,439.1112060546875,437.7300109863281,439.0799865722656,833619
2025-12-08 16:30:00+00:00,438.7200012207031,438.9400024414063,437.9700012207031,438.5,524666
2025-12-08 16:35:00+00:00,438.9708862304688,439.1400146484375,438.260009765625,438.75,479267
2025-12-08 16:40:00+00:00,439.260009765625,439.4200134277344,438.6499938964844,438.9800109863281,522228
2025-12-08 16:45:00+00:00,438.8799133300781,439.4599914550781,438.7699890136719,439.2650146484375,561696
2025-12-08 16:50:00+00:00,438.5567932128906,439.3900146484375,438.1199951171875,438.8800048828125,544396
2025-12-08 16:55:00+00:00,438.2699890136719,439.0899963378906,438.2000122070313,438.5400085449219,475023
2025-12-08 17:00:00+00:00,437.6200866699219,438.3525085449219,436.9500122070313,438.2674865722656,832637
2025-12-08 17:05:00+00:00,437.9198913574219,438.2000122070313,437.5199890136719,437.6449890136719,453688
2025-12-08 17:10:00+00:00,437.3699951171875,438.0111999511719,437.05999755859375,437.9168090820313,524639
2025-12-08 17:15:00+00:00,437.1600036621094,437.7000122070313,437.1400146484375,437.3200073242188,367458
2025-12-08 17:20:00+00:00,437.1712036132813,437.28118896484375,436.7099914550781,437.1300048828125,591982
2025-12-08 17:25:00+00:00,437.2905883789063,437.4400024414063,436.5249938964844,437.1505126953125,545107
2025-12-08 17:30:00+00:00,437.7999877929688,437.7999877929688,437.2349853515625,437.3128967285156,398009
2025-12-08 17:35:00+00:00,437.6488037109375,437.9100036621094,437.41009521484375,437.7900085449219,354372
2025-12-08 17:40:00+00:00,438.5499877929688,438.6199951171875,437.56451416015625,437.6400146484375,569321
2025-12-08 17:45:00+00:00,438.8963928222656,438.9505920410156,438.1700134277344,438.510009765625,458147
2025-12-08 17:50:00+00:00,438.81060791015625,438.9599914550781,438.5700073242188,438.9100036621094,344374
2025-12-08 17:55:00+00:00,439.0199890136719,439.3699951171875,438.239990234375,438.8399963378906,619203
2025-12-08 18:00:00+00:00,438.3200073242188,439.3900146484375,437.9800109863281,439.0050048828125,484151
2025-12-08 18:05:00+00:00,438.7300109863281,438.8500061035156,438.0,438.3688049316406,378650
2025-12-08 18:10:00+00:00,438.6109924316406,438.8999938964844,438.2493896484375,438.7493896484375,271165
2025-12-08 18:15:00+00:00,437.96881103515625,438.7999877929688,437.7999877929688,438.6099853515625,343757
2025-12-08 18:20:00+00:00,437.989990234375,438.20989990234375,437.7000122070313,437.989990234375,303713
2025-12-08 18:25:00+00:00,437.2695007324219,438.04400634765625,437.0799865722656,438.0086975097656,419704
2025-12-08 18:30:00+00:00,436.1749877929688,437.2000122070313,435.8999938964844,437.2000122070313,777818
2025-12-08 18:35:00+00:00,436.6099853515625,436.7999877929688,435.7999877929688,436.1600036621094,520268
2025-12-08 18:40:00+00:00,436.55999755859375,436.6799926757813,436.0499877929688,436.5799865722656,316482
2025-12-08 18:45:00+00:00,436.1000061035156,436.7799987792969,436.0799865722656,436.5874938964844,300004
2025-12-08 18:50:00+00:00,436.1799926757813,436.510009765625,436.0,436.10198974609375,300179
2025-12-08 18:55:00+00:00,436.0,436.260009765625,435.25,436.1527099609375,590535
2025-12-08 19:00:00+00:00,436.1650085449219,436.3500061035156,435.5,436.0,353933
2025-12-08 19:05:00+00:00,436.0799865722656,436.5899963378906,435.8399963378906,436.1654968261719,342897
2025-12-08 19:10:00+00:00,435.7000122070313,436.28900146484375,435.5299987792969,436.1000061035156,339103
2025-12-08 19:15:00+00:00,436.1000061035156,436.1600036621094,435.6000061035156,435.7153015136719,323077
2025-12-08 19:20:00+00:00,436.3599853515625,436.6846923828125,436.0499877929688,436.1000061035156,393072
2025-12-08 19:25:00+00:00,436.4880065917969,436.7000122070313,436.2701110839844,436.3599853515625,265765
2025-12-08 19:30:00+00:00,437.7349853515625,437.8599853515625,436.4599914550781,436.4700012207031,510053
2025-12-08 19:35:00+00:00,437.6900939941406,438.4100036621094,437.6000061035156,437.7099914550781,11748461
2025-12-08 19:40:00+00:00,437.8200073242188,438.260009765625,437.5,437.7145080566406,0
2025-12-08 19:45:00+00:00,437.7950134277344,437.9100036621094,437.5,437.8299865722656,299822
2025-12-08 19:50:00+00:00,437.6799926757813,438.1700134277344,437.6000061035156,437.8200073242188,304871
2025-12-08 19:55:00+00:00,437.2200012207031,437.8200073242188,436.8500061035156,437.6900024414063,349409
2025-12-08 20:00:00+00:00,437.2300109863281,437.8800048828125,437.2030029296875,437.260009765625,352850
2025-12-08 20:05:00+00:00,437.5570068359375,437.6499938964844,437.1290893554688,437.260009765625,296764
2025-12-08 20:10:00+00:00,437.8800048828125,437.9200134277344,437.3500061035156,437.5700988769531,343315
2025-12-08 20:15:00+00:00,437.7139892578125,438.0400085449219,437.3999938964844,437.8800048828125,387244
2025-12-08 20:20:00+00:00,437.3434143066406,437.7900085449219,437.2000122070313,437.7200012207031,305912
2025-12-08 20:25:00+00:00,437.8399963378906,438.0,437.2799987792969,437.3299865722656,311829
2025-12-08 20:30:00+00:00,438.0320129394531,438.2799987792969,437.7699890136719,437.8699951171875,416131
2025-12-08 20:35:00+00:00,437.8999938964844,438.1000061035156,437.6000061035156,438.0400085449219,341029
2025-12-08 20:40:00+00:00,438.3183898925781,438.33990478515625,437.8699035644531,437.8924865722656,367123
2025-12-08 20:45:00+00:00,437.6600036621094,438.3999938964844,437.6099853515625,438.3204956054688,480609
2025-12-08 20:50:00+00:00,438.1499938964844,438.6300048828125,437.6600036621094,437.6600036621094,732019
2025-12-08 20:55:00+00:00,439.5899963378906,439.739990234375,438.1000061035156,438.1199951171875,1389232
2025-12-09 14:30:00+00:00,438.3789978027344,439.5799865722656,435.7000122070313,439.5799865722656,2509552
2025-12-09 14:35:00+00:00,440.510009765625,442.2799987792969,438.05999755859375,438.3789978027344,1967101
2025-12-09 14:40:00+00:00,440.83990478515625,442.2598876953125,440.1799926757813,440.510009765625,1122118
2025-12-09 14:45:00+00:00,442.8800048828125,443.3599853515625,441.4800109863281,441.6799926757813,1219369
2025-12-09 14:50:00+00:00,442.489990234375,443.5,442.239990234375,442.8999938964844,858649
2025-12-09 14:55:00+00:00,444.5538024902344,444.6199951171875,442.3299865722656,442.5199890136719,976007
2025-12-09 15:00:00+00:00,443.5799865722656,445.3999938964844,443.3699951171875,444.5549926757813,4329876
2025-12-09 15:05:00+00:00,443.6449890136719,444.260009765625,442.5799865722656,443.5799865722656,0
2025-12-09 15:10:00+00:00,443.8699951171875,444.5499877929688,443.1000061035156,443.6449890136719,671212
2025-12-09 15:15:00+00:00,443.9549865722656,444.9800109863281,443.1701049804688,443.8699951171875,748777
2025-12-09 15:20:00+00:00,444.4200134277344,444.4400024414063,443.5400085449219,443.9549865722656,448863
2025-12-09 15:25:00+00:00,445.3948059082031,445.510009765625,443.9299926757813,444.4200134277344,670653
2025-12-09 15:30:00+00:00,445.8250122070313,445.8800048828125,444.8800048828125,445.3948059082031,754401
2025-12-09 15:35:00+00:00,446.0499877929688,446.2999877929688,445.6000061035156,445.8250122070313,807711
2025-12-09 15:40:00+00:00,446.55999755859375,446.6099853515625,445.3999938964844,446.0499877929688,666732
2025-12-09 15:45:00+00:00,446.4100036621094,446.7200012207031,445.8299865722656,446.55999755859375,800205
2025-12-09 15:50:00+00:00,446.9100036621094,446.9500122070313,446.0199890136719,446.4150085449219,664237
2025-12-09 15:55:00+00:00,447.8399963378906,448.1799926757813,446.9100036621094,446.9100036621094,1067033
2025-12-09 16:00:00+00:00,448.1000061035156,448.2900085449219,447.5903015136719,447.80999755859375,531342
2025-12-09 16:05:00+00:00,447.739990234375,448.3999938964844,447.2999877929688,448.1000061035156,662862
2025-12-09 16:10:00+00:00,447.4750061035156,447.739990234375,447.1300048828125,447.739990234375,483842
2025-12-09 16:15:00+00:00,447.5400085449219,447.8699951171875,447.2099914550781,447.4750061035156,407580
2025-12-09 16:20:00+00:00,447.2000122070313,447.5750122070313,446.9100036621094,447.5400085449219,524221
2025-12-09 16:25:00+00:00,446.4400024414063,447.3399963378906,446.2999877929688,447.2000122070313,520441
2025-12-09 16:30:00+00:00,447.2900085449219,447.3999938964844,446.1900024414063,446.4500122070313,563908
2025-12-09 16:35:00+00:00,447.8577880859375,448.0799865722656,447.2900085449219,447.2900085449219,602458
2025-12-09 16:40:00+00:00,447.6214904785156,448.159912109375,447.3900146484375,447.8577880859375,494359
2025-12-09 16:45:00+00:00,448.9249877929688,449.0799865722656,447.5799865722656,447.6214904785156,742549
2025-12-09 16:50:00+00:00,449.010009765625,449.2699890136719,448.75,448.9249877929688,539835
2025-12-09 16:55:00+00:00,448.9094848632813,449.2699890136719,448.6799926757813,449.0499877929688,446726
2025-12-09 17:00:00+00:00,449.2904968261719,449.95989990234375,448.760009765625,448.9094848632813,732554
2025-12-09 17:05:00+00:00,449.5617980957031,449.989990234375,449.1600036621094,449.2904968261719,539309
2025-12-09 17:10:00+00:00,449.5799865722656,449.8699951171875,449.3301086425781,449.5700073242188,368892
2025-12-09 17:15:00+00:00,449.3550109863281,449.8999938964844,449.2099914550781,449.5799865722656,466937
2025-12-09 17:20:00+00:00,449.4985046386719,449.75,449.0899963378906,449.3550109863281,388020
2025-12-09 17:25:00+00:00,449.7204895019531,449.8500061035156,449.2200012207031,449.5,317739
2025-12-09 17:30:00+00:00,450.2900085449219,450.7099914550781,449.7099914550781,449.739990234375,778400
2025-12-09 17:35:00+00:00,450.55999755859375,450.739990234375,449.8999938964844,450.2900085449219,414633
2025-12-09 17:40:00+00:00,450.4049987792969,450.9800109863281,450.2999877929688,450.55999755859375,427146
2025-12-09 17:45:00+00:00,450.5299987792969,450.7200012207031,450.0499877929688,450.4049987792969,398064
2025-12-09 17:50:00+00:00,451.3800048828125,451.4700012207031,450.4601135253906,450.5299987792969,547108
2025-12-09 17:55:00+00:00,451.7300109863281,451.7898864746094,451.1499938964844,451.36279296875,479932
2025-12-09 18:00:00+00:00,452.0700073242188,452.3900146484375,451.5249938964844,451.739990234375,556808
2025-12-09 18:05:00+00:00,451.7349853515625,452.1700134277344,451.5700073242188,452.0799865722656,429093
2025-12-09 18:10:00+00:00,450.8800048828125,451.7999877929688,450.7300109863281,451.7349853515625,536173
2025-12-09 18:15:00+00:00,450.9949951171875,451.1799926757813,450.6499938964844,450.9100036621094,440005
2025-12-09 18:20:00+00:00,450.7381896972656,451.0199890136719,450.4500122070313,450.9949951171875,375944
2025-12-09 18:25:00+00:00,450.5264892578125,451.0050048828125,450.4400024414063,450.7200012207031,361078
2025-12-09 18:30:00+00:00,450.0700073242188,450.6799926757813,450.010009765625,450.5264892578125,361249
2025-12-09 18:35:00+00:00,449.1820068359375,450.0799865722656,449.1099853515625,450.0700073242188,614492
2025-12-09 18:40:00+00:00,448.87298583984375,449.4500122070313,448.8299865722656,449.2000122070313,421739
2025-12-09 18:45:00+00:00,449.3663940429688,449.5299987792969,448.239990234375,448.87298583984375,720981
2025-12-09 18:50:00+00:00,450.0335083007813,450.1998901367188,449.05999755859375,449.3599853515625,581770
2025-12-09 18:55:00+00:00,448.8901062011719,450.0849914550781,448.8901062011719,450.0335083007813,404345
2025-12-09 19:00:00+00:00,448.6119995117188,449.0999145507813,448.1700134277344,448.9299926757813,517405
2025-12-09 19:05:00+00:00,449.43499755859375,449.4500122070313,448.3800048828125,448.6119995117188,462257
2025-12-09 19:10:00+00:00,449.0799865722656,449.5999145507813,448.7200012207031,449.43499755859375,337360
2025-12-09 19:15:00+00:00,449.1000061035156,449.1799011230469,448.4400939941406,449.0799865722656,295265
2025-12-09 19:20:00+00:00,449.114990234375,449.3800048828125,448.9400024414063,449.1000061035156,238751
2025-12-09 19:25:00+00:00,449.2200012207031,449.4200134277344,449.0751953125,449.1299133300781,232163
2025-12-09 19:30:00+00:00,449.1099853515625,449.3399963378906,448.9599914550781,449.2200012207031,225487
2025-12-09 19:35:00+00:00,448.9129943847656,449.1099853515625,448.5700073242188,449.1099853515625,10951195
2025-12-09 19:40:00+00:00,448.0115051269531,448.9320068359375,447.8399963378906,448.8880004882813,0
2025-12-09 19:45:00+00:00,448.0,448.2799987792969,447.760009765625,448.0115051269531,354164
2025-12-09 19:50:00+00:00,448.4700012207031,448.6400146484375,447.9500122070313,447.9901123046875,363649
2025-12-09 19:55:00+00:00,448.7999877929688,448.9794921875,448.4637145996094,448.4700012207031,316022
2025-12-09 20:00:00+00:00,448.7698974609375,448.8800048828125,448.55999755859375,448.7950134277344,183667
2025-12-09 20:05:00+00:00,448.5920104980469,448.8399963378906,448.3800048828125,448.7698974609375,262934
2025-12-09 20:10:00+00:00,447.8800048828125,448.5920104980469,447.8200073242188,448.5920104980469,363425
2025-12-09 20:15:00+00:00,447.6700134277344,448.0499877929688,447.3299865722656,447.8800048828125,480245
2025-12-09 20:20:00+00:00,447.7449951171875,447.9649963378906,447.5799865722656,447.6400146484375,333579
2025-12-09 20:25:00+00:00,447.2900085449219,447.7799987792969,446.8699951171875,447.7456970214844,478002
2025-12-09 20:30:00+00:00,446.7351989746094,447.25,446.5299987792969,447.25,334917
2025-12-09 20:35:00+00:00,447.1000061035156,447.3900146484375,446.6935119628906,446.75,393974
2025-12-09 20:40:00+00:00,447.6549987792969,447.7000122070313,446.9599914550781,447.1000061035156,284072
2025-12-09 20:45:00+00:00,447.0400085449219,447.7300109863281,446.9500122070313,447.6549987792969,412363
2025-12-09 20:50:00+00:00,439.5799865722656,447.6300048828125,439.5799865722656,447.0400085449219,758444
2025-12-09 20:55:00+00:00,445.2099914550781,446.3500061035156,445.0,445.8399963378906,1225529
2025-12-10 14:30:00+00:00,449.3599853515625,449.739990234375,444.2699890136719,446.010009765625,2361158
2025-12-10 14:35:00+00:00,446.3299865722656,450.2000122070313,446.1000061035156,449.3999938964844,1486727
2025-12-10 14:40:00+00:00,446.2699890136719,447.3299865722656,445.3800048828125,446.3500061035156,1037798
2025-12-10 14:45:00+00:00,445.80999755859375,446.9800109863281,445.5299987792969,446.25,650693
2025-12-10 14:50:00+00:00,444.760009765625,446.06640625,443.7999877929688,445.8150024414063,1088057
2025-12-10 14:55:00+00:00,445.2000122070313,445.3800048828125,443.6099853515625,444.7300109863281,841637
2025-12-10 15:00:00+00:00,444.2799987792969,445.2000122070313,443.8800048828125,445.2000122070313,630334
2025-12-10 15:05:00+00:00,445.1900939941406,445.8800048828125,444.05999755859375,444.30999755859375,724804
2025-12-10 15:10:00+00:00,445.0400085449219,445.5799865722656,444.4500122070313,445.2300109863281,558223
2025-12-10 15:15:00+00:00,446.55999755859375,446.9400024414063,444.8500061035156,445.05999755859375,750380
2025-12-10 15:20:00+00:00,446.4100036621094,446.8200073242188,445.9299926757813,446.4649963378906,543597
2025-12-10 15:25:00+00:00,445.9700012207031,446.8900146484375,445.2000122070313,446.4385070800781,608273
2025-12-10 15:30:00+00:00,444.3091125488281,445.9713134765625,444.0,445.9200134277344,595421
2025-12-10 15:35:00+00:00,445.076904296875,445.1400146484375,444.010009765625,444.2850036621094,587063
2025-12-10 15:40:00+00:00,444.9450073242188,445.5199890136719,444.30999755859375,445.0747985839844,514853
2025-12-10 15:45:00+00:00,446.4700012207031,446.5400085449219,444.6300048828125,444.9299926757813,547618
2025-12-10 15:50:00+00:00,445.6180114746094,446.489990234375,445.55950927734375,446.4800109863281,384054
2025-12-10 15:55:00+00:00,444.9400024414063,445.6499938964844,444.739990234375,445.5950012207031,410520
2025-12-10 16:00:00+00:00,444.7900085449219,445.05999755859375,444.3500061035156,445.0299987792969,368567
2025-12-10 16:05:00+00:00,445.2384948730469,445.4800109863281,444.739990234375,444.8399963378906,342829
2025-12-10 16:10:00+00:00,446.05999755859375,446.0798950195313,445.2449951171875,445.2449951171875,393332
2025-12-10 16:15:00+00:00,446.8299865722656,447.2499084472656,445.9500122070313,446.1000061035156,571529
2025-12-10 16:20:00+00:00,446.2799987792969,446.9599914550781,446.2300109863281,446.8399963378906,387261
2025-12-10 16:25:00+00:00,446.044189453125,446.6700134277344,445.7699890136719,446.2699890136719,371370
2025-12-10 16:30:00+00:00,445.9200134277344,446.1424865722656,445.5499877929688,446.0499877929688,269732
2025-12-10 16:35:00+00:00,446.18499755859375,446.4840087890625,445.75,445.8999938964844,346457
2025-12-10 16:40:00+00:00,445.60009765625,446.18499755859375,445.1749877929688,446.18499755859375,305977
2025-12-10 16:45:00+00:00,445.9400024414063,445.9400024414063,445.1900024414063,445.6600036621094,259814
2025-12-10 16:50:00+00:00,446.1099853515625,446.1724853515625,445.7099914550781,445.9400024414063,239971
2025-12-10 16:55:00+00:00,446.1000061035156,446.4400024414063,445.9599914550781,446.125,242615
2025-12-10 17:00:00+00:00,446.1565856933594,446.3200073242188,445.8500061035156,446.0499877929688,171441
2025-12-10 17:05:00+00:00,446.1600036621094,446.2972106933594,445.9299926757813,446.1099853515625,203852
2025-12-10 17:10:00+00:00,445.6499938964844,446.4400024414063,445.5499877929688,446.1799926757813,279288
2025-12-10 17:15:00+00:00,445.7499084472656,445.9500122070313,445.3999938964844,445.6099853515625,294530
2025-12-10 17:20:00+00:00,445.9454956054688,446.0400085449219,445.5000915527344,445.7099914550781,190417
2025-12-10 17:25:00+00:00,445.01019287109375,446.0,444.9674987792969,445.9700012207031,246518
2025-12-10 17:30:00+00:00,444.8489990234375,445.1199951171875,444.5499877929688,444.9700012207031,321043
2025-12-10 17:35:00+00:00,445.197998046875,445.4100036621094,444.8299865722656,444.8699951171875,287779
2025-12-10 17:40:00+00:00,445.4599914550781,445.5299987792969,445.0400085449219,445.1700134277344,201635
2025-12-10 17:45:00+00:00,445.5499877929688,445.7200012207031,445.30999755859375,445.4649963378906,248638
2025-12-10 17:50:00+00:00,445.73968505859375,446.0415954589844,445.5400085449219,445.5549926757813,282002
2025-12-10 17:55:00+00:00,445.989990234375,446.3999938964844,445.760009765625,445.760009765625,271019
2025-12-10 18:00:00+00:00,445.7614135742188,445.9800109863281,445.5,445.8999938964844,184846
2025-12-10 18:05:00+00:00,445.8299865722656,446.2099914550781,445.6300048828125,445.739990234375,176838
2025-12-10 18:10:00+00:00,446.3200073242188,446.6300048828125,445.760009765625,445.8500061035156,263953
2025-12-10 18:15:00+00:00,446.072509765625,446.4249877929688,445.8999938964844,446.2999877929688,165404
2025-12-10 18:20:00+00:00,445.7705993652344,446.0299987792969,445.6000061035156,446.0101013183594,182260
2025-12-10 18:25:00+00:00,445.4259948730469,445.8399963378906,445.05999755859375,445.7998962402344,243864
2025-12-10 18:30:00+00:00,445.760009765625,445.9200134277344,445.05999755859375,445.4200134277344,283806
2025-12-10 18:35:00+00:00,445.2900085449219,446.0499877929688,445.2000122070313,445.7999877929688,226157
2025-12-10 18:40:00+00:00,445.0050048828125,445.47900390625,444.75,445.2344970703125,316854
2025-12-10 18:45:00+00:00,445.3500061035156,445.510009765625,444.8699951171875,444.9700012207031,200418
2025-12-10 18:50:00+00:00,444.8999938964844,445.58929443359375,444.8299865722656,445.3299865722656,193679
2025-12-10 18:55:00+00:00,445.1099853515625,445.4400024414063,444.2900085449219,444.8800048828125,315886
2025-12-10 19:00:00+00:00,445.7835998535156,447.9400024414063,444.8399963378906,445.0400085449219,1050354
2025-12-10 19:05:00+00:00,448.5400085449219,449.0799865722656,445.5700073242188,445.739990234375,1170609
2025-12-10 19:10:00+00:00,448.239990234375,449.0799865722656,447.70599365234375,448.6300048828125,854988
2025-12-10 19:15:00+00:00,449.1000061035156,449.9100036621094,448.17041015625,448.239990234375,932996
2025-12-10 19:20:00+00:00,447.8900146484375,449.3500061035156,447.7000122070313,449.159912109375,564406
2025-12-10 19:25:00+00:00,447.9020080566406,448.3999938964844,447.1499938964844,447.8804931640625,568032
2025-12-10 19:30:00+00:00,449.8500061035156,450.0299987792969,447.7099914550781,447.8900146484375,1142778
2025-12-10 19:35:00+00:00,449.3699951171875,451.5899963378906,448.3800048828125,449.8450012207031,1173203
2025-12-10 19:40:00+00:00,447.8599853515625,449.5098876953125,446.6600036621094,449.3500061035156,916829
2025-12-10 19:45:00+00:00,448.260009765625,449.25,447.6600036621094,447.7200012207031,522673
2025-12-10 19:50:00+00:00,450.1413879394531,450.6700134277344,447.8800048828125,448.2157897949219,791933
2025-12-10 19:55:00+00:00,451.9200134277344,452.1299133300781,450.0899963378906,450.1400146484375,1007571
2025-12-10 20:00:00+00:00,452.9200134277344,453.0,451.1000061035156,451.8900146484375,996566
2025-12-10 20:05:00+00:00,453.3299865722656,453.7099914550781,452.1701049804688,452.8967895507813,1017020
2025-12-10 20:10:00+00:00,455.40728759765625,455.8364868164063,452.8500061035156,453.3500061035156,1253980
2025-12-10 20:15:00+00:00,455.9800109863281,456.30999755859375,455.0,455.4299926757813,985981
2025-12-10 20:20:00+00:00,455.489990234375,456.5,454.6400146484375,456.0,1146217
2025-12-10 20:25:00+00:00,456.1796875,456.8800048828125,455.1600036621094,455.5199890136719,823723
2025-12-10 20:30:00+00:00,455.7900085449219,456.2699890136719,455.3200073242188,456.1000061035156,662645
2025-12-10 20:35:00+00:00,455.5874938964844,456.1900024414063,455.3500061035156,455.8049926757813,585297
2025-12-10 20:40:00+00:00,455.0150146484375,455.8900146484375,454.9200134277344,455.6000061035156,687186
2025-12-10 20:45:00+00:00,455.1300048828125,455.4784851074219,454.5499877929688,455.010009765625,738065
2025-12-10 20:50:00+00:00,454.1499938964844,455.5499877929688,453.4400024414063,455.1253967285156,893817
2025-12-10 20:55:00+00:00,451.4100036621094,454.2999877929688,451.1799926757813,454.1000061035156,1689352
2025-12-11 14:30:00+00:00,446.1960144042969,449.2698974609375,445.8901977539063,448.8250122070313,2074116
2025-12-11 14:35:00+00:00,445.0700073242188,447.7999877929688,444.7999877929688,446.1968994140625,1207816
2025-12-11 14:40:00+00:00,445.6549987792969,445.8200073242188,444.2999877929688,445.0,928038
2025-12-11 14:45:00+00:00,443.2349853515625,446.489990234375,443.0299987792969,445.7000122070313,1364303
2025-12-11 14:50:00+00:00,441.8385009765625,443.7001037597656,441.635009765625,443.1950073242188,1280897
2025-12-11 14:55:00+00:00,441.8049926757813,442.7699890136719,441.0499877929688,441.8523864746094,970712
2025-12-11 15:00:00+00:00,442.6099853515625,442.9800109863281,441.3200073242188,441.760009765625,914386
2025-12-11 15:05:00+00:00,444.0499877929688,444.1499938964844,442.43011474609375,442.614990234375,904515
2025-12-11 15:10:00+00:00,443.5499877929688,444.4800109863281,443.1000061035156,444.0799865722656,782134
2025-12-11 15:15:00+00:00,444.5400085449219,444.5700073242188,442.7174987792969,443.5299987792969,708032
2025-12-11 15:20:00+00:00,446.0603942871094,446.4700012207031,444.4299926757813,444.55999755859375,1047520
2025-12-11 15:25:00+00:00,444.2200012207031,446.05999755859375,444.2099914550781,446.05999755859375,785399
2025-12-11 15:30:00+00:00,443.8900146484375,444.55999755859375,443.1600036621094,444.2406005859375,774913
2025-12-11 15:35:00+00:00,443.2950134277344,444.1099853515625,443.0,443.8900146484375,476845
2025-12-11 15:40:00+00:00,442.0700073242188,443.3099060058594,441.739990234375,443.3099060058594,611990
2025-12-11 15:45:00+00:00,441.1749877929688,442.8299865722656,440.75,442.06939697265625,823538
2025-12-11 15:50:00+00:00,441.625,441.7569885253906,440.3299865722656,441.1400146484375,810554
2025-12-11 15:55:00+00:00,442.1099853515625,442.5198974609375,441.5379943847656,441.6499938964844,645117
2025-12-11 16:00:00+00:00,442.8348083496094,443.1799926757813,441.6300048828125,442.1499938964844,514324
2025-12-11 16:05:00+00:00,441.4599914550781,443.1600036621094,441.1900024414063,442.8800048828125,588629
2025-12-11 16:10:00+00:00,441.6799926757813,441.9580993652344,440.9100036621094,441.4800109863281,429943
2025-12-11 16:15:00+00:00,441.5499877929688,441.9700012207031,441.2799987792969,441.6499938964844,340709
2025-12-11 16:20:00+00:00,443.1099853515625,443.1099853515625,441.2349853515625,441.5899963378906,520236
2025-12-11 16:25:00+00:00,441.4700012207031,443.1700134277344,441.1400146484375,443.1199951171875,469437
2025-12-11 16:30:00+00:00,442.3949890136719,442.5299987792969,441.4100036621094,441.4700012207031,378498
2025-12-11 16:35:00+00:00,443.2843933105469,443.5,442.3399963378906,442.4100036621094,537461
2025-12-11 16:40:00+00:00,444.30999755859375,444.9800109863281,443.1000061035156,443.25,711810
2025-12-11 16:45:00+00:00,444.2503051757813,445.2300109863281,444.2283020019531,444.4200134277344,511003
2025-12-11 16:50:00+00:00,442.989990234375,444.3200073242188,442.8500061035156,444.2799987792969,417337
2025-12-11 16:55:00+00:00,443.0,443.1650085449219,442.340087890625,443.00048828125,407649
2025-12-11 17:00:00+00:00,443.8500061035156,444.1600036621094,442.8800048828125,443.0,422021
2025-12-11 17:05:00+00:00,443.3299865722656,444.1300048828125,443.2200012207031,443.9100036621094,300881
2025-12-11 17:10:00+00:00,443.893798828125,444.3500061035156,443.3599853515625,443.3599853515625,391952
2025-12-11 17:15:00+00:00,444.0625915527344,444.1600036621094,443.3999938964844,443.8399963378906,287581
2025-12-11 17:20:00+00:00,444.68499755859375,444.9100036621094,444.0499877929688,444.1050109863281,363459
2025-12-11 17:25:00+00:00,444.5409851074219,445.1700134277344,444.4100036621094,444.7300109863281,329249
2025-12-11 17:30:00+00:00,445.5299987792969,445.5299987792969,444.5769958496094,444.6099853515625,366640
2025-12-11 17:35:00+00:00,445.5899963378906,445.8500061035156,445.1700134277344,445.5400085449219,411339
2025-12-11 17:40:00+00:00,446.0199890136719,446.0899963378906,445.5199890136719,445.55999755859375,343451
2025-12-11 17:45:00+00:00,445.6799926757813,446.1000061035156,445.2300109863281,446.01800537109375,376533
2025-12-11 17:50:00+00:00,446.74359130859375,446.7699890136719,445.2699890136719,445.66009521484375,501637
2025-12-11 17:55:00+00:00,446.30999755859375,446.8299865722656,445.5499877929688,446.7300109863281,406670
2025-12-11 18:00:00+00:00,447.0902099609375,447.2799987792969,446.0,446.2099914550781,485623
2025-12-11 18:05:00+00:00,447.06060791015625,447.2799987792969,446.5,447.1099853515625,449622
2025-12-11 18:10:00+00:00,446.7550048828125,447.3799133300781,446.6499938964844,447.0849914550781,350597
2025-12-11 18:15:00+00:00,446.5950012207031,446.7999877929688,446.0299987792969,446.7900085449219,417456
2025-12-11 18:20:00+00:00,446.4299926757813,446.9400024414063,446.2000122070313,446.5700073242188,402151
2025-12-11 18:25:00+00:00,446.1600036621094,446.5174865722656,445.6499938964844,446.3800048828125,342899
2025-12-11 18:30:00+00:00,446.04010009765625,446.3799133300781,445.6400146484375,446.125,256062
2025-12-11 18:35:00+00:00,447.0249938964844,447.0400085449219,446.0499877929688,446.1300048828125,350138
2025-12-11 18:40:00+00:00,447.4800109863281,447.6463012695313,446.8999938964844,447.0199890136719,394797
2025-12-11 18:45:00+00:00,447.1600036621094,447.7000122070313,446.8999938964844,447.5,311210
2025-12-11 18:50:00+00:00,446.4750061035156,447.2200012207031,446.3500061035156,447.2099914550781,294568
2025-12-11 18:55:00+00:00,446.4500122070313,446.8500061035156,446.25,446.55999755859375,195676
2025-12-11 19:00:00+00:00,447.1199951171875,447.3550109863281,446.3900146484375,446.4103088378906,293800
2025-12-11 19:05:00+00:00,446.4249877929688,447.1401062011719,445.9299926757813,447.1099853515625,302048
2025-12-11 19:10:00+00:00,446.4949951171875,446.6499938964844,446.010009765625,446.4299926757813,267732
2025-12-11 19:15:00+00:00,447.1650085449219,447.2999877929688,446.4200134277344,446.4801025390625,278640
2025-12-11 19:20:00+00:00,447.55999755859375,447.7699890136719,446.9500122070313,447.1700134277344,361759
2025-12-11 19:25:00+00:00,447.3999938964844,447.6199951171875,447.25,447.5700073242188,201661
2025-12-11 19:30:00+00:00,447.1860961914063,447.5700073242188,447.0400085449219,447.4495849609375,234333
2025-12-11 19:35:00+00:00,447.5557861328125,448.0400085449219,447.1600036621094,447.18548583984375,370119
2025-12-11 19:40:00+00:00,447.5799865722656,447.8699951171875,447.4601135253906,447.5650024414063,194186
2025-12-11 19:45:00+00:00,447.6600036621094,447.7699890136719,447.2250061035156,447.5849914550781,287083
2025-12-11 19:50:00+00:00,445.9800109863281,447.8500061035156,445.760009765625,447.6600036621094,489890
2025-12-11 19:55:00+00:00,446.6099853515625,447.0700073242188,445.8500061035156,445.9898986816406,472184
2025-12-11 20:00:00+00:00,446.793212890625,446.989990234375,446.6046142578125,446.6199951171875,194979
2025-12-11 20:05:00+00:00,446.7200012207031,446.8200073242188,446.25,446.7950134277344,198502
2025-12-11 20:10:00+00:00,446.3200073242188,446.7699890136719,446.2799987792969,446.7699890136719,184790
2025-12-11 20:15:00+00:00,445.52679443359375,446.5982971191406,445.5,446.2999877929688,311327
2025-12-11 20:20:00+00:00,445.55999755859375,446.0499877929688,445.3999938964844,445.5299987792969,320398
2025-12-11 20:25:00+00:00,444.9599914550781,445.5799865722656,444.510009765625,445.5504150390625,522249
2025-12-11 20:30:00+00:00,445.0150146484375,445.1340026855469,444.1799926757813,444.9800109863281,464197
2025-12-11 20:35:00+00:00,445.2200012207031,445.2699890136719,444.610107421875,445.0299987792969,350239
2025-12-11 20:40:00+00:00,445.260009765625,445.9700012207031,444.5,445.2098083496094,617158
2025-12-11 20:45:00+00:00,445.760009765625,446.2000122070313,445.239990234375,445.25,403550
2025-12-11 20:50:00+00:00,445.7800903320313,446.5299987792969,445.7200012207031,445.760009765625,490976
2025-12-11 20:55:00+00:00,446.9400024414063,447.0,445.8699951171875,445.8699951171875,874235
2025-12-12 14:30:00+00:00,452.8699951171875,453.3900146484375,450.5700073242188,452.25,2775044
2025-12-12 14:35:00+00:00,458.1252136230469,458.8599853515625,452.7099914550781,452.8616943359375,2864593
2025-12-12 14:40:00+00:00,458.125,459.8800048828125,456.5,458.1520080566406,1920422
2025-12-12 14:45:00+00:00,458.3200073242188,459.2000122070313,457.3699951171875,458.125,1486280
2025-12-12 14:50:00+00:00,461.8746948242188,463.010009765625,457.8999938964844,458.3699951171875,2553383
2025-12-12 14:55:00+00:00,460.7200012207031,462.8500061035156,460.2219848632813,461.864990234375,1527773
2025-12-12 15:00:00+00:00,457.3599853515625,461.0400085449219,457.3200073242188,460.75201416015625,1773607
2025-12-12 15:05:00+00:00,455.80999755859375,457.7499084472656,454.8800048828125,457.40618896484375,1716002
2025-12-12 15:10:00+00:00,454.8299865722656,456.1799011230469,454.1799926757813,455.5723876953125,1354866
2025-12-12 15:15:00+00:00,456.4249877929688,456.6000061035156,453.739990234375,454.79010009765625,1311570
2025-12-12 15:20:00+00:00,452.6799926757813,456.418212890625,452.1499938964844,456.3500061035156,1233176
2025-12-12 15:25:00+00:00,450.1300048828125,452.7999877929688,449.8800048828125,452.635009765625,1475679
2025-12-12 15:30:00+00:00,450.4750061035156,451.8900146484375,449.1000061035156,450.1600036621094,1326946
2025-12-12 15:35:00+00:00,449.3900146484375,451.1199951171875,448.5799865722656,450.5,1098230
2025-12-12 15:40:00+00:00,450.269287109375,450.2699890136719,447.6600036621094,449.4299926757813,1131430
2025-12-12 15:45:00+00:00,450.8699951171875,451.3196105957031,449.1199951171875,450.260009765625,906837
2025-12-12 15:50:00+00:00,450.1282043457031,451.2300109863281,450.0799865722656,450.9201965332031,609854
2025-12-12 15:55:00+00:00,448.0750122070313,451.5799865722656,447.4700012207031,450.0799865722656,1085393
2025-12-12 16:00:00+00:00,446.260009765625,449.8399963378906,446.1614990234375,448.0199890136719,10088150
2025-12-12 16:05:00+00:00,447.1600036621094,448.2999877929688,446.010009765625,446.2000122070313,0
2025-12-12 16:10:00+00:00,445.989990234375,447.5700073242188,444.8500061035156,447.0199890136719,1055036
2025-12-12 16:15:00+00:00,445.4450073242188,447.3599853515625,445.30999755859375,445.8999938964844,624961
2025-12-12 16:20:00+00:00,445.0499877929688,446.3200073242188,443.9500122070313,445.5,788181
2025-12-12 16:25:00+00:00,445.9283142089844,446.2698974609375,444.6401062011719,445.1400146484375,673082
2025-12-12 16:30:00+00:00,444.4450073242188,445.9299926757813,444.0220031738281,445.9299926757813,537260
2025-12-12 16:35:00+00:00,442.5199890136719,445.0,441.7799987792969,444.5,958724
2025-12-12 16:40:00+00:00,443.6377868652344,443.6499938964844,441.6700134277344,442.5400085449219,693469
2025-12-12 16:45:00+00:00,443.5799865722656,444.16119384765625,442.2200012207031,443.5801086425781,552950
2025-12-12 16:50:00+00:00,442.739990234375,443.5899963378906,442.3299865722656,443.5400085449219,370187
2025-12-12 16:55:00+00:00,443.3999938964844,443.4249877929688,442.0700073242188,442.7300109863281,422982
2025-12-12 17:00:00+00:00,444.5126037597656,445.090087890625,443.1400146484375,443.4100036621094,775522
2025-12-12 17:05:00+00:00,445.4100036621094,445.8590087890625,444.3399963378906,444.4200134277344,605332
2025-12-12 17:10:00+00:00,446.4849853515625,446.7999877929688,445.3250122070313,445.3299865722656,607560
2025-12-12 17:15:00+00:00,448.8349914550781,449.0,446.4400024414063,446.5199890136719,903063
2025-12-12 17:20:00+00:00,448.4100036621094,449.1799926757813,448.1159973144531,448.8500061035156,771187
2025-12-12 17:25:00+00:00,448.06829833984375,448.5,447.4800109863281,448.4299926757813,579279
2025-12-12 17:30:00+00:00,448.7619018554688,449.4299011230469,447.3599853515625,448.0400085449219,663443
2025-12-12 17:35:00+00:00,449.7294006347656,449.9200134277344,448.0499877929688,448.75,577355
2025-12-12 17:40:00+00:00,449.3200073242188,449.9400024414063,449.2099914550781,449.6799926757813,422468
2025-12-12 17:45:00+00:00,451.0799865722656,451.1499938964844,449.2300109863281,449.2999877929688,595770
2025-12-12 17:50:00+00:00,451.1900024414063,451.4400024414063,450.5499877929688,451.0997924804688,644014
2025-12-12 17:55:00+00:00,450.8493041992188,451.7000122070313,450.5299987792969,451.2000122070313,553869
2025-12-12 18:00:00+00:00,451.5700073242188,451.9049987792969,450.6000061035156,450.8500061035156,513767
2025-12-12 18:05:00+00:00,451.9249877929688,452.5400085449219,451.5700988769531,451.6000061035156,681243
2025-12-12 18:10:00+00:00,454.1099853515625,454.3699951171875,451.80999755859375,451.9249877929688,933853
2025-12-12 18:15:00+00:00,454.3999938964844,455.1300048828125,454.0289001464844,454.1000061035156,918921
2025-12-12 18:20:00+00:00,454.8999938964844,454.9399108886719,453.5899963378906,454.3901062011719,753656
2025-12-12 18:25:00+00:00,455.6099853515625,455.6600036621094,454.4000854492188,454.9299926757813,725724
2025-12-12 18:30:00+00:00,455.739990234375,456.1700134277344,454.8801879882813,455.6029968261719,806803
2025-12-12 18:35:00+00:00,456.2149963378906,456.25,454.9299926757813,455.7149963378906,648665
2025-12-12 18:40:00+00:00,454.6036071777344,456.3900146484375,454.2999877929688,456.2149963378906,760880
2025-12-12 18:45:00+00:00,455.4801940917969,455.5,454.5799865722656,454.6499938964844,477256
2025-12-12 18:50:00+00:00,455.2000122070313,456.0899963378906,455.0400085449219,455.5,555953
2025-12-12 18:55:00+00:00,453.6300048828125,455.2999877929688,453.4299926757813,455.1518859863281,674711
2025-12-12 19:00:00+00:00,453.5299987792969,454.0,452.5299987792969,453.6482849121094,682851
2025-12-12 19:05:00+00:00,452.9451904296875,453.739990234375,452.5700073242188,453.5,494658
2025-12-12 19:10:00+00:00,452.2804870605469,453.5299987792969,452.0588989257813,452.9700012207031,542845
2025-12-12 19:15:00+00:00,451.864990234375,452.7499084472656,451.510009765625,452.2900085449219,509594
2025-12-12 19:20:00+00:00,451.1900024414063,452.25,450.6000061035156,451.8399963378906,608107
2025-12-12 19:25:00+00:00,450.9027099609375,451.2598876953125,450.0899963378906,451.1900024414063,503433
2025-12-12 19:30:00+00:00,451.8599853515625,452.2449951171875,450.8999938964844,450.9500122070313,590046
2025-12-12 19:35:00+00:00,451.3900146484375,452.2300109863281,451.1600036621094,451.875,368681
2025-12-12 19:40:00+00:00,452.2999877929688,453.0899963378906,451.4299926757813,451.4299926757813,572367
2025-12-12 19:45:00+00:00,451.7406005859375,452.5299987792969,451.5,452.2893981933594,362713
2025-12-12 19:50:00+00:00,451.8450012207031,452.2763977050781,451.0799865722656,451.7799987792969,424607
2025-12-12 19:55:00+00:00,452.3900146484375,452.7900085449219,451.5199890136719,451.8200073242188,422830
2025-12-12 20:00:00+00:00,452.4299926757813,452.7699890136719,452.0400085449219,452.4100036621094,427821
2025-12-12 20:05:00+00:00,453.1950073242188,453.3200073242188,452.30999755859375,452.4299926757813,460230
2025-12-12 20:10:00+00:00,452.5400085449219,453.8500061035156,452.52679443359375,453.2099914550781,568827
2025-12-12 20:15:00+00:00,454.7999877929688,455.0,452.2000122070313,452.5299987792969,823638
2025-12-12 20:20:00+00:00,455.1900024414063,455.6900024414063,454.5700073242188,454.80560302734375,861881
2025-12-12 20:25:00+00:00,455.0700073242188,455.2799987792969,454.25,455.2000122070313,597515
2025-12-12 20:30:00+00:00,455.597412109375,455.654296875,453.75,455.05999755859375,748393
2025-12-12 20:35:00+00:00,455.2699890136719,455.6499938964844,454.4299926757813,455.5950012207031,672656
2025-12-12 20:40:00+00:00,456.0701904296875,456.8999938964844,455.2289123535156,455.260009765625,1056667
2025-12-12 20:45:00+00:00,457.5950012207031,457.739990234375,456.010009765625,456.0899963378906,1000518
2025-12-12 20:50:00+00:00,458.3599853515625,458.3699951171875,456.9200134277344,457.6600036621094,1087121
2025-12-12 20:55:00+00:00,459.1700134277344,459.1700134277344,457.5719909667969,458.3399963378906,2118480
2025-12-15 14:30:00+00:00,474.8550109863281,478.1900024414063,471.93011474609375,474.0,8596826
2025-12-15 14:35:00+00:00,477.739990234375,480.6600036621094,474.8900146484375,474.8900146484375,3860364
2025-12-15 14:40:00+00:00,476.1700134277344,481.3699951171875,475.510009765625,477.739990234375,2850562
2025-12-15 14:45:00+00:00,480.385009765625,480.409912109375,475.3200073242188,476.1799926757813,2503983
2025-12-15 14:50:00+00:00,479.3299865722656,481.1799926757813,477.7200012207031,480.4100036621094,2213986
2025-12-15 14:55:00+00:00,477.625,479.5447082519531,476.1000061035156,479.30999755859375,1783403
2025-12-15 15:00:00+00:00,473.2000122070313,477.7699890136719,473.1300048828125,477.6650085449219,2155892
2025-12-15 15:05:00+00:00,475.8299865722656,477.1998901367188,472.9299926757813,473.18499755859375,1669183
2025-12-15 15:10:00+00:00,474.0574951171875,476.1571960449219,472.4200134277344,475.8316955566406,1308644
2025-12-15 15:15:00+00:00,473.9999084472656,475.1000061035156,472.6000061035156,474.0299987792969,1185402
2025-12-15 15:20:00+00:00,473.3482971191406,477.0700073242188,473.2999877929688,473.9999084472656,1501268
2025-12-15 15:25:00+00:00,472.1300048828125,473.7900085449219,470.7099914550781,473.30999755859375,1583853
2025-12-15 15:30:00+00:00,473.489990234375,474.0,471.3836975097656,472.1400146484375,1144411
2025-12-15 15:35:00+00:00,476.1606140136719,476.5299072265625,473.2099914550781,473.3599853515625,1206976
2025-12-15 15:40:00+00:00,479.0021057128906,479.1000061035156,475.5,476.0806884765625,1614722
2025-12-15 15:45:00+00:00,479.1499938964844,479.2799987792969,478.0199890136719,479.0499877929688,1402203
2025-12-15 15:50:00+00:00,478.4399108886719,480.1700134277344,477.5199890136719,479.1799926757813,1586937
2025-12-15 15:55:00+00:00,478.5899963378906,479.3699951171875,478.1700134277344,478.3551940917969,978882
2025-12-15 16:00:00+00:00,477.3049926757813,478.7200012207031,476.6000061035156,478.5899963378906,928948
2025-12-15 16:05:00+00:00,477.331298828125,478.3900146484375,476.1700134277344,477.3200073242188,834394
2025-12-15 16:10:00+00:00,476.5101013183594,477.7000122070313,475.9299926757813,477.3399963378906,652873
2025-12-15 16:15:00+00:00,478.739990234375,479.2742919921875,476.4168090820313,476.5199890136719,888198
2025-12-15 16:20:00+00:00,479.4800109863281,479.7900085449219,478.55999755859375,478.75,790606
2025-12-15 16:25:00+00:00,481.0400085449219,481.7694091796875,479.3500061035156,479.5,1811982
2025-12-15 16:30:00+00:00,477.9490051269531,481.6600036621094,477.7799987792969,481.0400085449219,1432772
2025-12-15 16:35:00+00:00,477.5400085449219,478.3299865722656,476.9200134277344,478.0719909667969,802237
2025-12-15 16:40:00+00:00,477.3999938964844,478.0499877929688,476.6600036621094,477.5000915527344,649830
2025-12-15 16:45:00+00:00,476.8699951171875,477.6700134277344,476.1300048828125,477.4100036621094,689237
2025-12-15 16:50:00+00:00,478.4299011230469,478.510009765625,476.7900085449219,476.8700866699219,936859
2025-12-15 16:55:00+00:00,477.260009765625,478.7999877929688,477.010009765625,478.4100036621094,623421
2025-12-15 17:00:00+00:00,475.4200134277344,477.3900146484375,475.0600891113281,477.2900085449219,799319
2025-12-15 17:05:00+00:00,476.6549987792969,476.8499145507813,475.1400146484375,475.4500122070313,659158
2025-12-15 17:10:00+00:00,477.4500122070313,477.5700073242188,476.1300048828125,476.66900634765625,579071
2025-12-15 17:15:00+00:00,475.9901123046875,477.5299987792969,475.6300048828125,477.43499755859375,574548
2025-12-15 17:20:00+00:00,476.8900146484375,477.1300048828125,475.9200134277344,476.0150146484375,438728
2025-12-15 17:25:00+00:00,476.989990234375,477.75,476.7300109863281,476.8599853515625,518970
2025-12-15 17:30:00+00:00,476.239990234375,477.7000122070313,476.010009765625,476.9549865722656,502665
2025-12-15 17:35:00+00:00,476.9599914550781,477.1900024414063,476.2200012207031,476.239990234375,389826
2025-12-15 17:40:00+00:00,477.1936950683594,477.7200012207031,476.9100036621094,476.9800109863281,473551
2025-12-15 17:45:00+00:00,476.02679443359375,477.3135986328125,475.7099914550781,477.1650085449219,508837
2025-12-15 17:50:00+00:00,475.1900024414063,476.0799865722656,474.489990234375,476.0299987792969,827598
2025-12-15 17:55:00+00:00,477.35931396484375,477.4200134277344,475.0899963378906,475.2699890136719,626387
2025-12-15 18:00:00+00:00,477.0849914550781,477.6700134277344,476.6400146484375,477.3586120605469,567739
2025-12-15 18:05:00+00:00,477.4500122070313,478.4400024414063,477.0,477.0899963378906,624977
2025-12-15 18:10:00+00:00,477.6700134277344,477.8900146484375,477.2699890136719,477.5299987792969,399728
2025-12-15 18:15:00+00:00,476.614990234375,477.8599853515625,476.5299987792969,477.6239929199219,356043
2025-12-15 18:20:00+00:00,476.5539855957031,477.2999877929688,476.1200866699219,476.614990234375,420640
2025-12-15 18:25:00+00:00,475.7296142578125,476.8599853515625,475.260009765625,476.5400085449219,505948
2025-12-15 18:30:00+00:00,475.6336059570313,476.1199951171875,475.0799865722656,475.7300109863281,469036
2025-12-15 18:35:00+00:00,475.744384765625,476.03948974609375,474.5750122070313,475.5639953613281,575719
2025-12-15 18:40:00+00:00,476.1650085449219,476.7000122070313,475.6600036621094,475.6600036621094,453561
2025-12-15 18:45:00+00:00,476.0499877929688,476.4798889160156,475.5299987792969,476.1600036621094,366899
2025-12-15 18:50:00+00:00,476.9599914550781,477.1199951171875,475.9500122070313,476.0799865722656,432477
2025-12-15 18:55:00+00:00,477.1199951171875,477.3999938964844,476.9200134277344,476.9700012207031,413193
2025-12-15 19:00:00+00:00,478.2550048828125,478.2999877929688,476.8599853515625,477.1099853515625,701817
2025-12-15 19:05:00+00:00,477.0050048828125,478.3205871582031,476.7999877929688,478.2799987792969,555779
2025-12-15 19:10:00+00:00,475.6499938964844,477.239990234375,475.6499938964844,477.0050048828125,587997
2025-12-15 19:15:00+00:00,477.8800048828125,477.8800048828125,475.5400085449219,475.6650085449219,675887
2025-12-15 19:20:00+00:00,476.7489013671875,477.9599914550781,476.7300109863281,477.8999938964844,558580
2025-12-15 19:25:00+00:00,476.6650085449219,477.0599060058594,476.3900146484375,476.760986328125,392598
2025-12-15 19:30:00+00:00,476.1000061035156,476.8599853515625,475.739990234375,476.6722106933594,443825
2025-12-15 19:35:00+00:00,476.1749877929688,476.5799865722656,475.7300109863281,476.1000061035156,399040
2025-12-15 19:40:00+00:00,476.80999755859375,476.8800048828125,475.7699890136719,476.2099914550781,455942
2025-12-15 19:45:00+00:00,477.3399963378906,477.3399963378906,476.4501037597656,476.8049926757813,443857
2025-12-15 19:50:00+00:00,477.3919982910156,477.5400085449219,476.7699890136719,477.2999877929688,463329
2025-12-15 19:55:00+00:00,478.80999755859375,478.8711853027344,477.1400146484375,477.3800048828125,883629
2025-12-15 20:00:00+00:00,477.2999877929688,478.823486328125,476.8080139160156,478.7900085449219,743470
2025-12-15 20:05:00+00:00,478.0723876953125,478.2999877929688,477.1867980957031,477.3099060058594,577474
2025-12-15 20:10:00+00:00,477.739990234375,478.2999877929688,477.3399963378906,478.0501098632813,514123
2025-12-15 20:15:00+00:00,477.5299987792969,478.3399963378906,477.2799987792969,477.7000122070313,574550
2025-12-15 20:20:00+00:00,477.5549926757813,477.6000061035156,476.7699890136719,477.5625,620594
2025-12-15 20:25:00+00:00,477.8689880371094,478.239990234375,477.1499938964844,477.5700073242188,662904
2025-12-15 20:30:00+00:00,477.9599914550781,478.1799926757813,477.2200012207031,477.8800048828125,480695
2025-12-15 20:35:00+00:00,479.2449951171875,479.2699890136719,477.75,477.9299926757813,754536
2025-12-15 20:40:00+00:00,477.8800048828125,479.6600036621094,477.5,479.2449951171875,909792
2025-12-15 20:45:00+00:00,478.5,478.7349853515625,477.6700134277344,477.8645935058594,735802
2025-12-15 20:50:00+00:00,478.3599853515625,480.6400146484375,478.0299987792969,478.4800109863281,1983697
2025-12-15 20:55:00+00:00,475.0700073242188,478.4100036621094,475.0299987792969,478.4100036621094,2418118
2025-12-16 14:30:00+00:00,467.1700134277344,473.4500122070313,465.8299865722656,472.2850036621094,4516761
2025-12-16 14:35:00+00:00,472.2879943847656,472.7799987792969,466.6799926757813,467.1084899902344,2262346
2025-12-16 14:40:00+00:00,472.9400024414063,473.6989135742188,470.5801086425781,472.239990234375,1727045
2025-12-16 14:45:00+00:00,474.4500122070313,475.7200012207031,469.1701049804688,472.9800109863281,2316336
2025-12-16 14:50:00+00:00,477.6400146484375,478.0698852539063,474.2901916503906,474.4500122070313,1936394
2025-12-16 14:55:00+00:00,478.0700073242188,478.4500122070313,476.8900146484375,477.6199951171875,1267998
2025-12-16 15:00:00+00:00,478.8349914550781,480.4198913574219,477.25,478.0698852539063,1956436
2025-12-16 15:05:00+00:00,479.5498962402344,482.05999755859375,478.3999938964844,478.8800048828125,2021886
2025-12-16 15:10:00+00:00,479.0350036621094,480.2193908691406,477.7999877929688,479.5050048828125,1245402
2025-12-16 15:15:00+00:00,476.1463928222656,479.4233093261719,475.3568115234375,479.05999755859375,1357792
2025-12-16 15:20:00+00:00,474.5548095703125,476.2999877929688,473.6099853515625,476.05999755859375,1257745
2025-12-16 15:25:00+00:00,475.1449890136719,475.5299987792969,472.7699890136719,474.5585021972656,1483251
2025-12-16 15:30:00+00:00,473.9949951171875,475.6799926757813,473.4200134277344,475.1449890136719,965508
2025-12-16 15:35:00+00:00,474.4299011230469,474.7395935058594,472.5799865722656,474.0299987792969,1053866
2025-12-16 15:40:00+00:00,474.8999938964844,475.1499938964844,473.4800109863281,474.4400024414063,776195
2025-12-16 15:45:00+00:00,475.0750122070313,476.75,474.7799987792969,474.8472900390625,1082052
2025-12-16 15:50:00+00:00,475.7200012207031,476.0700073242188,473.25,475.0750122070313,974882
2025-12-16 15:55:00+00:00,476.1799926757813,476.5499877929688,475.1600036621094,475.6700134277344,799919
2025-12-16 16:00:00+00:00,475.3599853515625,476.9200134277344,475.3049926757813,476.2439880371094,714458
2025-12-16 16:05:00+00:00,477.4150085449219,477.9100036621094,475.0499877929688,475.364990234375,953001
2025-12-16 16:10:00+00:00,476.5899963378906,477.6000061035156,475.8815002441406,477.4599914550781,680008
2025-12-16 16:15:00+00:00,475.364990234375,476.7200012207031,474.4377136230469,476.5899963378906,779778
2025-12-16 16:20:00+00:00,474.9800109863281,475.7998962402344,474.7999877929688,475.3761901855469,507673
2025-12-16 16:25:00+00:00,475.7349853515625,476.159912109375,474.6600036621094,474.9549865722656,606207
2025-12-16 16:30:00+00:00,476.8900146484375,477.0199890136719,475.1499938964844,475.8284912109375,644031
2025-12-16 16:35:00+00:00,476.5499877929688,477.2992858886719,475.3299865722656,476.9500122070313,623995
2025-12-16 16:40:00+00:00,476.4500122070313,476.8248901367188,475.2800903320313,476.5,507871
2025-12-16 16:45:00+00:00,477.70318603515625,477.7499084472656,476.1099853515625,476.4599914550781,574885
2025-12-16 16:50:00+00:00,478.1600036621094,478.9299926757813,477.5501098632813,477.6900024414063,845241
2025-12-16 16:55:00+00:00,479.4500122070313,479.5899963378906,477.9800109863281,478.1199951171875,746314
2025-12-16 17:00:00+00:00,479.1170043945313,480.2900085449219,478.6700134277344,479.510009765625,961405
2025-12-16 17:05:00+00:00,478.9393005371094,479.9100036621094,478.8399963378906,479.1000061035156,571046
2025-12-16 17:10:00+00:00,480.4800109863281,480.8999938964844,478.1300048828125,478.8900146484375,912791
2025-12-16 17:15:00+00:00,480.8299865722656,481.0700073242188,479.9700012207031,480.4700012207031,659386
2025-12-16 17:20:00+00:00,480.0,481.3489990234375,479.5650024414063,480.80999755859375,711176
2025-12-16 17:25:00+00:00,478.8800048828125,479.9800109863281,478.6000061035156,479.9679870605469,576972
2025-12-16 17:30:00+00:00,480.4450988769531,480.7000122070313,478.6000061035156,478.8599853515625,663115
2025-12-16 17:35:00+00:00,479.760009765625,480.7999877929688,479.3599853515625,480.4549865722656,625720
2025-12-16 17:40:00+00:00,479.3500061035156,479.989990234375,478.6604919433594,479.75,441602
2025-12-16 17:45:00+00:00,478.830810546875,479.7999877929688,478.7000122070313,479.3200073242188,415628
2025-12-16 17:50:00+00:00,477.7999877929688,478.840087890625,477.4400024414063,478.840087890625,587239
2025-12-16 17:55:00+00:00,476.4533081054688,478.260009765625,476.2200012207031,477.8399963378906,728189
2025-12-16 18:00:00+00:00,477.0499877929688,477.1700134277344,475.5884094238281,476.4700012207031,701695
2025-12-16 18:05:00+00:00,477.0499877929688,477.2999877929688,475.8299865722656,477.0700073242188,529128
2025-12-16 18:10:00+00:00,478.2850036621094,478.3577880859375,476.7999877929688,477.0799865722656,649996
2025-12-16 18:15:00+00:00,477.3200073242188,478.46820068359375,477.2200927734375,478.2615051269531,398199
2025-12-16 18:20:00+00:00,478.1978149414063,478.2900085449219,477.0700073242188,477.3067932128906,347739
2025-12-16 18:25:00+00:00,477.2409057617188,478.6900024414063,477.1000061035156,478.1760864257813,380170
2025-12-16 18:30:00+00:00,478.2550048828125,478.4400024414063,477.2099914550781,477.3049926757813,485153
2025-12-16 18:35:00+00:00,478.1400146484375,478.4700012207031,477.6300048828125,478.2900085449219,401908
2025-12-16 18:40:00+00:00,479.2200927734375,479.25,478.0299987792969,478.1900024414063,508283
2025-12-16 18:45:00+00:00,479.7799987792969,480.0499877929688,478.8599853515625,479.2312927246094,645548
2025-12-16 18:50:00+00:00,479.5,480.33990478515625,479.1427917480469,479.8500061035156,574676
2025-12-16 18:55:00+00:00,479.8150024414063,480.21038818359375,479.2929992675781,479.49749755859375,361054
2025-12-16 19:00:00+00:00,478.7120056152344,480.2999877929688,478.1900024414063,479.7699890136719,596181
2025-12-16 19:05:00+00:00,478.2578125,479.1300048828125,477.7999877929688,478.760009765625,491110
2025-12-16 19:10:00+00:00,477.7850036621094,478.5199890136719,477.6000061035156,478.2699890136719,402981
2025-12-16 19:15:00+00:00,478.1700134277344,478.5,477.6000061035156,477.760009765625,440468
2025-12-16 19:20:00+00:00,479.2000122070313,479.7000122070313,477.80999755859375,478.0899963378906,540391
2025-12-16 19:25:00+00:00,480.0799865722656,480.3599853515625,478.5799865722656,479.239990234375,622593
2025-12-16 19:30:00+00:00,480.1549987792969,480.760009765625,479.75,480.0400085449219,562957
2025-12-16 19:35:00+00:00,480.05999755859375,481.0899963378906,479.4299926757813,480.1300048828125,682650
2025-12-16 19:40:00+00:00,483.4547119140625,483.8200073242188,479.7101135253906,480.0050048828125,1487034
2025-12-16 19:45:00+00:00,484.0588073730469,484.3699035644531,482.8200073242188,483.4500122070313,1216803
2025-12-16 19:50:00+00:00,485.5899963378906,486.3200073242188,484.05999755859375,484.0899963378906,1587060
2025-12-16 19:55:00+00:00,485.2981872558594,486.0499877929688,484.6799926757813,485.5589904785156,944145
2025-12-16 20:00:00+00:00,485.6499938964844,486.7000122070313,484.798095703125,485.260009765625,988365
2025-12-16 20:05:00+00:00,486.4800109863281,487.010009765625,484.9580078125,485.6409912109375,1061931
2025-12-16 20:10:00+00:00,486.0650024414063,487.1130065917969,485.7999877929688,486.4516906738281,870039
2025-12-16 20:15:00+00:00,486.7800903320313,486.8999938964844,485.80999755859375,486.0799865722656,766178
2025-12-16 20:20:00+00:00,487.375,487.7300109863281,486.5487060546875,486.7900085449219,919399
2025-12-16 20:25:00+00:00,487.614990234375,487.6400146484375,486.2900085449219,487.375,882265
2025-12-16 20:30:00+00:00,489.0299987792969,489.55999755859375,487.2200012207031,487.6391906738281,1690195
2025-12-16 20:35:00+00:00,489.8565979003906,490.25,488.8999938964844,489.0039978027344,1557410
2025-12-16 20:40:00+00:00,489.5199890136719,490.0799865722656,488.6400146484375,489.8699951171875,1178426
2025-12-16 20:45:00+00:00,489.6199951171875,490.465087890625,488.7099914550781,489.5,1263802
2025-12-16 20:50:00+00:00,490.7099914550781,491.2000122070313,488.9230041503906,489.5899963378906,1778596
2025-12-16 20:55:00+00:00,489.7999877929688,491.5,489.6512145996094,490.7099914550781,2258673
2025-12-17 14:30:00+00:00,492.989990234375,495.239990234375,487.1700134277344,488.2149963378906,5957866
2025-12-17 14:35:00+00:00,491.0650024414063,494.1900024414063,489.2099914550781,493.05999755859375,2079774
2025-12-17 14:40:00+00:00,490.0499877929688,491.3699951171875,488.1000061035156,491.0574951171875,1684657
2025-12-17 14:45:00+00:00,489.27880859375,490.8900146484375,486.2200012207031,490.0499877929688,1689498
2025-12-17 14:50:00+00:00,493.0,493.447998046875,489.1900024414063,489.2900085449219,1962789
2025-12-17 14:55:00+00:00,492.893310546875,493.9800109863281,491.760009765625,492.9501037597656,1438815
2025-12-17 15:00:00+00:00,490.5325012207031,493.1987915039063,490.1499938964844,492.9200134277344,1227628
2025-12-17 15:05:00+00:00,491.1099853515625,493.2200012207031,490.0700073242188,490.6199951171875,1122148
2025-12-17 15:10:00+00:00,490.7900085449219,492.0199890136719,489.3599853515625,491.1099853515625,1170976
2025-12-17 15:15:00+00:00,491.3900146484375,491.8599853515625,490.30999755859375,490.781494140625,797177
2025-12-17 15:20:00+00:00,489.4949951171875,491.489990234375,488.5799865722656,491.3900146484375,1105064
2025-12-17 15:25:00+00:00,490.7000122070313,490.8298950195313,487.6600036621094,489.4849853515625,1189664
2025-12-17 15:30:00+00:00,488.7349853515625,491.2598876953125,488.5499877929688,490.6700134277344,828223
2025-12-17 15:35:00+00:00,486.0199890136719,488.89208984375,485.4500122070313,488.6900024414063,1471728
2025-12-17 15:40:00+00:00,484.3699951171875,486.7200012207031,483.8800048828125,485.9400024414063,1349784
2025-12-17 15:45:00+00:00,483.4700012207031,485.25,483.0400085449219,484.3140869140625,1227206
2025-12-17 15:50:00+00:00,479.80999755859375,483.989990234375,478.9500122070313,483.4200134277344,2050819
2025-12-17 15:55:00+00:00,478.1700134277344,480.2099914550781,477.2999877929688,479.739990234375,1727266
2025-12-17 16:00:00+00:00,478.2200012207031,479.0400085449219,476.9200134277344,478.1000061035156,1445909
2025-12-17 16:05:00+00:00,479.7999877929688,479.9700012207031,477.3500061035156,478.1799926757813,1211421
2025-12-17 16:10:00+00:00,475.1700134277344,480.4798889160156,474.8500061035156,479.7951965332031,1714086
2025-12-17 16:15:00+00:00,476.7449951171875,477.17669677734375,474.2000122070313,475.1300048828125,12203470
2025-12-17 16:20:00+00:00,476.9500122070313,477.8800048828125,475.0499877929688,476.739990234375,0
2025-12-17 16:25:00+00:00,478.369384765625,479.239990234375,476.7300109863281,476.7999877929688,1009641
2025-12-17 16:30:00+00:00,476.4049987792969,478.3399963378906,475.7999877929688,478.3399963378906,880654
2025-12-17 16:35:00+00:00,477.7999877929688,478.6499938964844,475.55999755859375,476.4100036621094,825642
2025-12-17 16:40:00+00:00,478.2799987792969,478.8200073242188,477.1099853515625,477.7999877929688,661693
2025-12-17 16:45:00+00:00,477.1099853515625,478.8800048828125,476.6600036621094,478.2099914550781,743314
2025-12-17 16:50:00+00:00,477.4400024414063,477.9700012207031,476.1099853515625,477.072509765625,720892
2025-12-17 16:55:00+00:00,476.8493957519531,477.4299926757813,475.0299987792969,477.3799133300781,830160
2025-12-17 17:00:00+00:00,475.4700012207031,477.4299926757813,475.1300964355469,476.8900146484375,654475
2025-12-17 17:05:00+00:00,475.8900146484375,476.7298889160156,475.35009765625,475.489990234375,581303
2025-12-17 17:10:00+00:00,475.8778076171875,477.2200012207031,475.4299926757813,475.7999877929688,565279
2025-12-17 17:15:00+00:00,477.5750122070313,477.7799987792969,474.9400024414063,475.847900390625,804792
2025-12-17 17:20:00+00:00,478.6368103027344,478.8200073242188,477.4400024414063,477.5400085449219,662864
2025-12-17 17:25:00+00:00,478.0600891113281,478.7999877929688,477.5,478.6600036621094,475049
2025-12-17 17:30:00+00:00,477.5849914550781,479.3999938964844,477.525390625,478.1400146484375,758966
2025-12-17 17:35:00+00:00,476.3001098632813,477.8699951171875,476.2800903320313,477.55999755859375,584645
2025-12-17 17:40:00+00:00,473.7236022949219,476.5531005859375,473.489990234375,476.3200073242188,984366
2025-12-17 17:45:00+00:00,474.7749938964844,474.9486083984375,472.7300109863281,473.760009765625,985456
2025-12-17 17:50:00+00:00,474.0299987792969,475.2200012207031,473.85009765625,474.6900024414063,588408
2025-12-17 17:55:00+00:00,474.7720031738281,474.9299926757813,473.8299865722656,474.1000061035156,380797
2025-12-17 18:00:00+00:00,476.2300109863281,476.4200134277344,474.793701171875,474.7999877929688,590688
2025-12-17 18:05:00+00:00,476.5700073242188,477.0899963378906,476.0499877929688,476.260009765625,441167
2025-12-17 18:10:00+00:00,476.3999938964844,477.14990234375,475.9599914550781,476.6400146484375,456006
2025-12-17 18:15:00+00:00,475.0849914550781,476.3500061035156,474.8599853515625,476.3500061035156,581612
2025-12-17 18:20:00+00:00,475.6799926757813,476.1900024414063,474.489990234375,475.05999755859375,491168
2025-12-17 18:25:00+00:00,474.5350036621094,475.7999877929688,474.35009765625,475.64111328125,393102
2025-12-17 18:30:00+00:00,473.7540893554688,474.8699951171875,473.2799987792969,474.5299987792969,508769
2025-12-17 18:35:00+00:00,472.2101135253906,474.1300048828125,472.1499938964844,473.7099914550781,646842
2025-12-17 18:40:00+00:00,470.75,472.2999877929688,470.2799987792969,472.2099914550781,1138784
2025-12-17 18:45:00+00:00,468.3200073242188,471.0,468.2099914550781,470.6900024414063,1236106
2025-12-17 18:50:00+00:00,467.6600036621094,468.9100036621094,467.5700073242188,468.3299865722656,889196
2025-12-17 18:55:00+00:00,468.010009765625,468.4700012207031,467.410400390625,467.7000122070313,783656
2025-12-17 19:00:00+00:00,467.2300109863281,468.3900146484375,466.2000122070313,467.9985046386719,1034015
2025-12-17 19:05:00+00:00,468.1099853515625,469.0299072265625,467.2001037597656,467.25,919088
2025-12-17 19:10:00+00:00,468.5419921875,469.0,467.781494140625,467.9866943359375,671278
2025-12-17 19:15:00+00:00,468.5750122070313,468.9700012207031,467.9100036621094,468.5400085449219,554297
2025-12-17 19:20:00+00:00,468.0299987792969,469.1099853515625,467.7699890136719,468.6199951171875,628024
2025-12-17 19:25:00+00:00,467.2300109863281,468.6199951171875,466.7500915527344,468.0499877929688,700966
2025-12-17 19:30:00+00:00,467.0799865722656,467.8900146484375,466.8299865722656,467.2200012207031,591179
2025-12-17 19:35:00+00:00,467.9700012207031,468.1799926757813,466.9400024414063,467.0299987792969,553454
2025-12-17 19:40:00+00:00,468.010009765625,468.3499145507813,467.41009521484375,468.0,501436
2025-12-17 19:45:00+00:00,468.8175048828125,468.8999938964844,467.8800048828125,468.0299987792969,525282
2025-12-17 19:50:00+00:00,469.8500061035156,469.8999938964844,468.7000122070313,468.8599853515625,669989
2025-12-17 19:55:00+00:00,470.8500061035156,470.8699951171875,469.5499877929688,469.864990234375,857957
2025-12-17 20:00:00+00:00,469.4790954589844,471.0199890136719,469.4100036621094,470.8349914550781,778416
2025-12-17 20:05:00+00:00,468.8250122070313,470.6000061035156,468.7300109863281,469.489990234375,786845
2025-12-17 20:10:00+00:00,468.8789978027344,469.3760070800781,468.3299865722656,468.8399963378906,594984
2025-12-17 20:15:00+00:00,470.7000122070313,471.1000061035156,468.8200073242188,468.8500061035156,760653
2025-12-17 20:20:00+00:00,471.1900024414063,471.2200012207031,470.3699951171875,470.7000122070313,566742
2025-12-17 20:25:00+00:00,470.489990234375,471.25,469.7099914550781,471.2200012207031,617256
2025-12-17 20:30:00+00:00,469.0700073242188,470.8999938964844,468.1300964355469,470.4500122070313,884053
2025-12-17 20:35:00+00:00,468.1700134277344,469.1694030761719,468.0499877929688,469.0499877929688,720801
2025-12-17 20:40:00+00:00,469.3699951171875,469.4200134277344,468.0499877929688,468.1679992675781,644451
2025-12-17 20:45:00+00:00,469.1300048828125,469.8550109863281,468.8399963378906,469.3699951171875,654701
2025-12-17 20:50:00+00:00,468.3689880371094,470.7999877929688,467.4100036621094,469.2000122070313,1134655
2025-12-17 20:55:00+00:00,467.1600036621094,468.7983093261719,466.8599853515625,468.239990234375,1679865
2025-12-18 14:30:00+00:00,476.3699951171875,482.3250122070313,475.7900085449219,477.8999938964844,4216521
2025-12-18 14:35:00+00:00,475.3250122070313,476.6449890136719,473.1199951171875,476.43499755859375,1714763
2025-12-18 14:40:00+00:00,478.7900085449219,479.6499938964844,473.8699951171875,475.3999938964844,1656638
2025-12-18 14:45:00+00:00,477.5400085449219,479.489990234375,475.5,478.8500061035156,1551760
2025-12-18 14:50:00+00:00,480.8699951171875,481.2099914550781,475.7500915527344,477.489990234375,1648884
2025-12-18 14:55:00+00:00,480.9013977050781,481.25,479.2500915527344,480.8699951171875,1286957
2025-12-18 15:00:00+00:00,481.7550048828125,482.9200134277344,480.2200012207031,480.9100036621094,6284168
2025-12-18 15:05:00+00:00,480.1799926757813,482.6199951171875,479.5199890136719,481.7550048828125,0
2025-12-18 15:10:00+00:00,479.3100891113281,480.409912109375,478.2200012207031,480.2999877929688,957399
2025-12-18 15:15:00+00:00,479.3349914550781,480.7799987792969,478.1000061035156,479.3200073242188,1022319
2025-12-18 15:20:00+00:00,481.0,481.25,477.6199951171875,479.3299865722656,1115216
2025-12-18 15:25:00+00:00,483.4201049804688,483.5199890136719,480.6701049804688,481.0360107421875,1369638
2025-12-18 15:30:00+00:00,484.7049865722656,485.1700134277344,483.3699951171875,483.4700012207031,1511711
2025-12-18 15:35:00+00:00,485.5249938964844,486.05999755859375,484.4599914550781,484.6900024414063,1224458
2025-12-18 15:40:00+00:00,484.8598937988281,485.80999755859375,483.8999938964844,485.5549926757813,999788
2025-12-18 15:45:00+00:00,484.4599914550781,485.2200012207031,483.6000061035156,484.8599853515625,946486
2025-12-18 15:50:00+00:00,485.4400024414063,485.4699096679688,483.5,484.4800109863281,801981
2025-12-18 15:55:00+00:00,486.46978759765625,486.9400024414063,484.5899963378906,485.4700012207031,1165397
2025-12-18 16:00:00+00:00,486.6799926757813,487.25,485.5799865722656,486.4299926757813,1062603
2025-12-18 16:05:00+00:00,489.1300048828125,489.4800109863281,486.5400085449219,486.6900024414063,1438386
2025-12-18 16:10:00+00:00,489.68499755859375,490.05999755859375,488.6448974609375,489.1499938964844,1310854
2025-12-18 16:15:00+00:00,489.2950134277344,490.4400024414063,489.0700073242188,489.6799926757813,1089313
2025-12-18 16:20:00+00:00,489.4299926757813,489.8500061035156,488.2999877929688,489.2950134277344,1012128
2025-12-18 16:25:00+00:00,488.1799926757813,489.4450073242188,487.8299865722656,489.4100036621094,805714
2025-12-18 16:30:00+00:00,487.9419860839844,489.1499938964844,487.4500122070313,488.1700134277344,881884
2025-12-18 16:35:00+00:00,488.9505920410156,489.5,487.85009765625,487.9599914550781,683132
2025-12-18 16:40:00+00:00,489.6943054199219,489.9100036621094,488.6300048828125,488.8930969238281,618232
2025-12-18 16:45:00+00:00,489.1700134277344,489.8999938964844,488.75,489.74798583984375,603165
2025-12-18 16:50:00+00:00,490.5350036621094,490.6600036621094,488.8599853515625,489.1534118652344,949795
2025-12-18 16:55:00+00:00,489.1799926757813,490.8599853515625,488.8901062011719,490.5,916738
2025-12-18 17:00:00+00:00,487.8999938964844,489.239990234375,487.7300109863281,489.1600036621094,878228
2025-12-18 17:05:00+00:00,485.7730102539063,488.0376892089844,485.6300048828125,487.8699951171875,1052348
2025-12-18 17:10:00+00:00,485.9450073242188,487.2999877929688,485.3301086425781,485.6799926757813,973143
2025-12-18 17:15:00+00:00,486.6549987792969,486.9500122070313,484.5700073242188,485.9224853515625,995022
2025-12-18 17:20:00+00:00,486.4100036621094,487.9198913574219,486.1200866699219,486.6499938964844,789676
2025-12-18 17:25:00+00:00,487.83990478515625,488.1499938964844,485.7300109863281,486.4200134277344,732263
2025-12-18 17:30:00+00:00,488.8500061035156,488.9200134277344,487.110107421875,487.77099609375,720862
2025-12-18 17:35:00+00:00,489.0834045410156,489.3800048828125,488.3500061035156,488.8699951171875,696152
2025-12-18 17:40:00+00:00,489.2300109863281,489.5696105957031,488.6700134277344,489.1099853515625,562564
2025-12-18 17:45:00+00:00,489.6600036621094,489.9200134277344,488.8699951171875,489.25,532842
2025-12-18 17:50:00+00:00,489.1773986816406,489.6409912109375,487.9176025390625,489.6409912109375,611924
2025-12-18 17:55:00+00:00,489.3800048828125,490.0400085449219,488.4400024414063,489.1400146484375,574043
2025-12-18 18:00:00+00:00,487.9649963378906,489.5899963378906,487.7000122070313,489.3900146484375,470948
2025-12-18 18:05:00+00:00,488.3800048828125,488.4599914550781,487.7699890136719,487.9649963378906,425001
2025-12-18 18:10:00+00:00,488.2999877929688,489.0700073242188,488.0799865722656,488.4010009765625,430390
2025-12-18 18:15:00+00:00,487.7799987792969,488.4924926757813,487.2200012207031,488.2900085449219,415610
2025-12-18 18:20:00+00:00,489.1000061035156,489.1600036621094,487.4700012207031,487.7650146484375,427618
2025-12-18 18:25:00+00:00,488.62200927734375,489.1900024414063,488.4200134277344,489.0750122070313,366207
2025-12-18 18:30:00+00:00,488.3999938964844,488.9299926757813,488.25,488.6050109863281,323074
2025-12-18 18:35:00+00:00,489.0249938964844,489.2000122070313,488.260009765625,488.3450012207031,319462
2025-12-18 18:40:00+00:00,488.0700988769531,489.1499938964844,488.0199890136719,489.0350036621094,403272
2025-12-18 18:45:00+00:00,488.1199951171875,488.3049926757813,487.7705993652344,488.1000061035156,333800
2025-12-18 18:50:00+00:00,488.6557922363281,488.9700012207031,487.9501037597656,488.1050109863281,331013
2025-12-18 18:55:00+00:00,488.375,488.9599914550781,488.30999755859375,488.6600036621094,303632
2025-12-18 19:00:00+00:00,486.0899963378906,488.5799865722656,486.0268859863281,488.3699951171875,668521
2025-12-18 19:05:00+00:00,487.8331909179688,487.9700012207031,485.9200134277344,486.0400085449219,655029
2025-12-18 19:10:00+00:00,487.2699890136719,488.418212890625,486.860107421875,487.8349914550781,513549
2025-12-18 19:15:00+00:00,486.239990234375,487.3052062988281,485.6300048828125,487.2699890136719,578922
2025-12-18 19:20:00+00:00,485.7799987792969,486.9800109863281,485.7000122070313,486.1600036621094,484118
2025-12-18 19:25:00+00:00,486.6502075195313,486.7999877929688,485.4601135253906,485.760009765625,523131
2025-12-18 19:30:00+00:00,483.9100036621094,486.6549987792969,483.8299865722656,486.6203002929688,715487
2025-12-18 19:35:00+00:00,485.1900024414063,485.4500122070313,483.7000122070313,483.9549865722656,650639
2025-12-18 19:40:00+00:00,484.4200134277344,485.2699890136719,484.1300048828125,485.2200012207031,513452
2025-12-18 19:45:00+00:00,485.4100036621094,485.4299926757813,483.3800048828125,484.4150085449219,674653
2025-12-18 19:50:00+00:00,485.5499877929688,486.3200073242188,485.0501098632813,485.4299926757813,689365
2025-12-18 19:55:00+00:00,484.1099853515625,485.5799865722656,483.760009765625,485.5499877929688,564819
2025-12-18 20:00:00+00:00,486.1499938964844,486.239990234375,483.4100036621094,484.0899963378906,722897
2025-12-18 20:05:00+00:00,487.0199890136719,487.4100036621094,486.1700134277344,486.1700134277344,744407
2025-12-18 20:10:00+00:00,487.30999755859375,487.6199951171875,486.9263916015625,487.0700073242188,504106
2025-12-18 20:15:00+00:00,487.1650085449219,487.7000122070313,486.1799926757813,487.2999877929688,666224
2025-12-18 20:20:00+00:00,487.0700073242188,487.2900085449219,486.3550109863281,487.1700134277344,457671
2025-12-18 20:25:00+00:00,486.5650024414063,487.2300109863281,486.0799865722656,487.0700073242188,456097
2025-12-18 20:30:00+00:00,487.3915100097656,487.5499877929688,486.0982055664063,486.6199951171875,528860
2025-12-18 20:35:00+00:00,487.3150024414063,487.6499938964844,486.9400024414063,487.4500122070313,523196
2025-12-18 20:40:00+00:00,487.9800109863281,488.1099853515625,486.9100036621094,487.2950134277344,758296
2025-12-18 20:45:00+00:00,488.8186950683594,488.8999938964844,487.6099853515625,487.9700012207031,666997
2025-12-18 20:50:00+00:00,487.2799987792969,488.9200134277344,486.7099914550781,488.8200073242188,961826
2025-12-18 20:55:00+00:00,483.3949890136719,487.3500061035156,483.1700134277344,487.2699890136719,2089209
2025-12-19 14:30:00+00:00,485.5499877929688,490.489990234375,484.7999877929688,488.5400085449219,6032438
2025-12-19 14:35:00+00:00,484.1400146484375,486.2200012207031,483.3100891113281,485.5650024414063,1519829
2025-12-19 14:40:00+00:00,485.4867858886719,485.5799865722656,481.5350036621094,484.1700134277344,1887541
2025-12-19 14:45:00+00:00,482.802490234375,485.7999877929688,482.3999938964844,485.5499877929688,1269114
2025-12-19 14:50:00+00:00,483.0580139160156,484.8200073242188,482.1000061035156,482.8699951171875,1156903
2025-12-19 14:55:00+00:00,484.760009765625,485.510009765625,482.7699890136719,483.0299987792969,1095122
2025-12-19 15:00:00+00:00,483.9450988769531,486.2999877929688,483.3999938964844,484.75,1106554
2025-12-19 15:05:00+00:00,483.4905090332031,484.8800048828125,483.0400085449219,483.93499755859375,846182
2025-12-19 15:10:00+00:00,483.5328063964844,484.7999877929688,483.2300109863281,483.4599914550781,666854
2025-12-19 15:15:00+00:00,482.18499755859375,483.9800109863281,481.5700988769531,483.5499877929688,1128385
2025-12-19 15:20:00+00:00,482.1000061035156,483.5899963378906,482.0,482.18499755859375,742125
2025-12-19 15:25:00+00:00,480.5450134277344,482.2200012207031,480.1000061035156,482.05999755859375,1306698
2025-12-19 15:30:00+00:00,479.9249877929688,481.3500061035156,479.739990234375,480.5299987792969,1022238
2025-12-19 15:35:00+00:00,479.9825134277344,480.9700012207031,479.25,479.9249877929688,828175
2025-12-19 15:40:00+00:00,478.8500061035156,480.5700073242188,478.7999877929688,480.0650024414063,809841
2025-12-19 15:45:00+00:00,477.7738952636719,479.25,477.760009765625,479.0,940658
2025-12-19 15:50:00+00:00,478.6700134277344,479.5199890136719,477.739990234375,477.781494140625,823135
2025-12-19 15:55:00+00:00,478.3349914550781,479.5,478.010009765625,478.7200012207031,691090
2025-12-19 16:00:00+00:00,478.4500122070313,479.0199890136719,477.75,478.3349914550781,697812
2025-12-19 16:05:00+00:00,478.8299865722656,479.2551879882813,478.0,478.4808044433594,553460
2025-12-19 16:10:00+00:00,479.8999938964844,479.989990234375,478.3517150878906,478.80999755859375,703045
2025-12-19 16:15:00+00:00,480.739990234375,481.25,479.7200012207031,479.8801879882813,872479
2025-12-19 16:20:00+00:00,480.7300109863281,481.3500061035156,480.4100036621094,480.7550048828125,533688
2025-12-19 16:25:00+00:00,481.4549865722656,481.7200012207031,480.1000061035156,480.7500915527344,675129
2025-12-19 16:30:00+00:00,480.6044006347656,481.8999938964844,480.4700012207031,481.4549865722656,527698
2025-12-19 16:35:00+00:00,478.5350036621094,480.8800048828125,478.4200134277344,480.5874938964844,795118
2025-12-19 16:40:00+00:00,477.30999755859375,478.8299865722656,477.2001037597656,478.5499877929688,873723
2025-12-19 16:45:00+00:00,475.5899963378906,477.7023010253906,475.2200012207031,477.3598937988281,1172955
2025-12-19 16:50:00+00:00,475.989990234375,476.6690979003906,474.75,475.6300964355469,1035161
2025-12-19 16:55:00+00:00,475.4599914550781,476.4200134277344,475.3301086425781,476.0412902832031,461857
2025-12-19 17:00:00+00:00,476.6700134277344,476.7900085449219,475.4200134277344,475.4599914550781,588886
2025-12-19 17:05:00+00:00,477.6300048828125,478.0199890136719,476.57659912109375,476.6600036621094,761134
2025-12-19 17:10:00+00:00,477.8297119140625,477.927490234375,476.8699951171875,477.6300048828125,498352
2025-12-19 17:15:00+00:00,478.3660888671875,478.8598937988281,477.7550048828125,477.7900085449219,619925
2025-12-19 17:20:00+00:00,479.0999145507813,479.239990234375,478.30999755859375,478.4049987792969,499105
2025-12-19 17:25:00+00:00,479.3407897949219,479.6099853515625,478.75,479.1000061035156,501575
2025-12-19 17:30:00+00:00,480.0317077636719,480.3999938964844,479.0,479.3450012207031,585670
2025-12-19 17:35:00+00:00,479.6076049804688,480.4700012207031,479.4200134277344,480.0474853515625,563965
2025-12-19 17:40:00+00:00,478.7300109863281,479.7699890136719,478.55999755859375,479.6199951171875,555151
2025-12-19 17:45:00+00:00,479.489990234375,479.739990234375,478.1199951171875,478.7550048828125,560362
2025-12-19 17:50:00+00:00,479.260009765625,480.05999755859375,478.5199890136719,479.5199890136719,506933
2025-12-19 17:55:00+00:00,478.1700134277344,479.2199096679688,478.0816955566406,479.2099914550781,358730
2025-12-19 18:00:00+00:00,479.3250122070313,479.5232849121094,477.8200073242188,478.1499938964844,567243
2025-12-19 18:05:00+00:00,479.9700012207031,480.3122863769531,479.2900085449219,479.3088073730469,452710
2025-12-19 18:10:00+00:00,480.9432067871094,480.9599914550781,479.6900024414063,479.9800109863281,529795
2025-12-19 18:15:00+00:00,480.6400146484375,481.2900085449219,480.5,480.9500122070313,557316
2025-12-19 18:20:00+00:00,479.7550048828125,480.6499938964844,479.7200012207031,480.6400146484375,403022
2025-12-19 18:25:00+00:00,481.2449951171875,481.3299865722656,479.6499938964844,479.7799987792969,502238
2025-12-19 18:30:00+00:00,481.739990234375,482.1900024414063,481.1900024414063,481.2900085449219,616831
2025-12-19 18:35:00+00:00,482.5700073242188,483.010009765625,481.7200012207031,481.739990234375,723122
2025-12-19 18:40:00+00:00,482.360107421875,482.7699890136719,481.4599914550781,482.5700073242188,637872
2025-12-19 18:45:00+00:00,482.2000122070313,482.5499877929688,481.7008972167969,482.3999938964844,355583
2025-12-19 18:50:00+00:00,482.0700073242188,482.739990234375,481.9400939941406,482.1485900878906,413410
2025-12-19 18:55:00+00:00,481.7049865722656,482.2999877929688,481.5799865722656,482.0650024414063,370434
2025-12-19 19:00:00+00:00,482.6700134277344,482.8999938964844,481.6300964355469,481.6700134277344,463047
2025-12-19 19:05:00+00:00,482.4599914550781,483.4299926757813,482.2200012207031,482.6700134277344,579524
2025-12-19 19:10:00+00:00,483.25,483.25,482.3901062011719,482.4150085449219,328350
2025-12-19 19:15:00+00:00,482.8550109863281,483.3999938964844,482.6000061035156,483.24749755859375,290752
2025-12-19 19:20:00+00:00,483.0201110839844,483.0899963378906,482.5299987792969,482.8450012207031,281156
2025-12-19 19:25:00+00:00,483.8299865722656,483.8900146484375,482.9299926757813,483.0217895507813,460306
2025-12-19 19:30:00+00:00,483.7077026367188,483.9700012207031,483.55999755859375,483.8175048828125,352983
2025-12-19 19:35:00+00:00,483.260009765625,483.8900146484375,483.1799926757813,483.7099914550781,330960
2025-12-19 19:40:00+00:00,482.6419982910156,483.2999877929688,482.6099853515625,483.260009765625,413851
2025-12-19 19:45:00+00:00,482.4599914550781,483.1180114746094,482.2200012207031,482.6499938964844,377945
2025-12-19 19:50:00+00:00,481.2099914550781,482.4798889160156,480.6199951171875,482.4400024414063,675478
2025-12-19 19:55:00+00:00,482.1400146484375,482.5368957519531,481.1539001464844,481.2130126953125,526543
2025-12-19 20:00:00+00:00,482.5,482.9500122070313,482.1099853515625,482.1600036621094,429420
2025-12-19 20:05:00+00:00,481.8359069824219,482.7414855957031,481.760009765625,482.5111999511719,378788
2025-12-19 20:10:00+00:00,481.7699890136719,482.489990234375,481.7699890136719,481.8287963867188,348573
2025-12-19 20:15:00+00:00,482.0849914550781,482.2999877929688,481.6499938964844,481.8200073242188,334690
2025-12-19 20:20:00+00:00,482.3450012207031,482.6300048828125,481.7099914550781,482.0499877929688,357350
2025-12-19 20:25:00+00:00,482.2000122070313,482.4039001464844,481.9299926757813,482.3399963378906,271366
2025-12-19 20:30:00+00:00,482.5899963378906,482.6499938964844,481.8619079589844,482.1400146484375,353460
2025-12-19 20:35:00+00:00,482.4400024414063,482.7799987792969,482.1400146484375,482.5791931152344,385387
2025-12-19 20:40:00+00:00,481.75,482.510009765625,481.3500061035156,482.4595031738281,396024
2025-12-19 20:45:00+00:00,482.4450988769531,482.7000122070313,481.6099853515625,481.7900085449219,514528
2025-12-19 20:50:00+00:00,482.6650085449219,484.0,482.1099853515625,482.4200134277344,1095971
2025-12-19 20:55:00+00:00,480.9100036621094,482.68798828125,480.55999755859375,482.68798828125,1639433
2025-12-22 14:30:00+00:00,494.5650024414063,496.5899963378906,488.1199951171875,489.25,5336569
2025-12-22 14:35:00+00:00,495.0050048828125,496.739990234375,493.4000854492188,494.5400085449219,2242029
2025-12-22 14:40:00+00:00,493.8999938964844,495.3699951171875,492.8299865722656,494.9700012207031,1391100
2025-12-22 14:45:00+00:00,497.7879943847656,497.7999877929688,493.5700073242188,493.8900146484375,2239097
2025-12-22 14:50:00+00:00,496.7040100097656,498.8200073242188,496.7000122070313,497.75,1921965
2025-12-22 14:55:00+00:00,493.7900085449219,496.8200073242188,493.6000061035156,496.7000122070313,1540476
2025-12-22 15:00:00+00:00,490.755615234375,494.4700012207031,490.6499938964844,493.760009765625,1755793
2025-12-22 15:05:00+00:00,489.3450012207031,491.3200073242188,488.6600036621094,490.6500854492188,1826153
2025-12-22 15:10:00+00:00,487.4500122070313,489.5,486.1000061035156,489.3450012207031,1854921
2025-12-22 15:15:00+00:00,487.6311950683594,488.0799865722656,486.5,487.5950012207031,1137524
2025-12-22 15:20:00+00:00,490.2699890136719,491.0,487.51800537109375,487.6749877929688,1558018
2025-12-22 15:25:00+00:00,487.9649963378906,490.4700012207031,487.0499877929688,490.3008117675781,1321354
2025-12-22 15:30:00+00:00,487.8200073242188,488.4400024414063,487.3699951171875,488.0,794972
2025-12-22 15:35:00+00:00,486.8699951171875,488.05999755859375,485.3299865722656,487.7999877929688,1209532
2025-12-22 15:40:00+00:00,489.3299865722656,489.4800109863281,486.3500061035156,486.8699951171875,1096771
2025-12-22 15:45:00+00:00,487.9750061035156,489.6000061035156,487.2999877929688,489.3504943847656,958097
2025-12-22 15:50:00+00:00,490.7550048828125,491.0,487.9330139160156,487.9652099609375,1022653
2025-12-22 15:55:00+00:00,491.3100891113281,492.0499877929688,490.6600036621094,490.739990234375,1007631
2025-12-22 16:00:00+00:00,492.68011474609375,493.2799987792969,491.0732116699219,491.3200073242188,1126082
2025-12-22 16:05:00+00:00,491.2131958007813,492.7049865722656,490.7799987792969,492.7049865722656,822947
2025-12-22 16:10:00+00:00,491.6000061035156,492.3299865722656,490.9100036621094,491.25,608273
2025-12-22 16:15:00+00:00,491.6199951171875,492.1600036621094,491.45709228515625,491.6300048828125,393326
2025-12-22 16:20:00+00:00,492.4714965820313,493.0,491.5862121582031,491.614501953125,662957
2025-12-22 16:25:00+00:00,492.8599853515625,493.2999877929688,492.3500061035156,492.489990234375,645571
2025-12-22 16:30:00+00:00,492.8599853515625,492.9700012207031,491.7999877929688,492.8487854003906,586293
2025-12-22 16:35:00+00:00,492.9500122070313,493.5762023925781,492.8599853515625,492.877197265625,680686
2025-12-22 16:40:00+00:00,492.9800109863281,493.6600036621094,492.8599853515625,492.9400024414063,522602
2025-12-22 16:45:00+00:00,492.3399963378906,493.0899963378906,492.2049865722656,492.9599914550781,520489
2025-12-22 16:50:00+00:00,493.8500061035156,493.8894958496094,492.1900939941406,492.3183898925781,644349
2025-12-22 16:55:00+00:00,494.0499877929688,494.6400146484375,493.3999938964844,493.8500061035156,821009
2025-12-22 17:00:00+00:00,494.5499877929688,494.6400146484375,493.7999877929688,494.0499877929688,563712
2025-12-22 17:05:00+00:00,493.5700073242188,494.5199890136719,493.25,494.489990234375,530420
2025-12-22 17:10:00+00:00,494.6799926757813,495.0799865722656,493.1700134277344,493.5,727882
2025-12-22 17:15:00+00:00,494.8599853515625,495.1199951171875,494.4200134277344,494.68701171875,517135
2025-12-22 17:20:00+00:00,494.6749877929688,495.2300109863281,494.5801086425781,494.8500061035156,459843
2025-12-22 17:25:00+00:00,494.9400024414063,495.2200012207031,494.5,494.6733093261719,384395
2025-12-22 17:30:00+00:00,494.010009765625,495.0799865722656,493.6300048828125,494.9201049804688,456278
2025-12-22 17:35:00+00:00,494.9927062988281,495.0763854980469,493.6600036621094,493.9906005859375,470750
2025-12-22 17:40:00+00:00,494.8875122070313,495.6000061035156,494.6199951171875,495.0,695653
2025-12-22 17:45:00+00:00,494.80999755859375,495.1000061035156,494.3299865722656,494.8999938964844,410376
2025-12-22 17:50:00+00:00,494.6700134277344,495.1000061035156,494.5700073242188,494.7746887207031,314932
2025-12-22 17:55:00+00:00,494.9800109863281,495.3299865722656,494.2999877929688,494.6650085449219,401081
2025-12-22 18:00:00+00:00,494.9692077636719,495.5757141113281,494.6099853515625,494.9800109863281,443750
2025-12-22 18:05:00+00:00,494.5501098632813,494.9649963378906,494.3500061035156,494.9649963378906,392450
2025-12-22 18:10:00+00:00,493.7349853515625,494.8299865722656,493.22601318359375,494.5700988769531,530285
2025-12-22 18:15:00+00:00,493.3598937988281,493.9649963378906,493.1650085449219,493.7349853515625,418004
2025-12-22 18:20:00+00:00,493.2699890136719,493.7000122070313,492.7999877929688,493.3550109863281,493713
2025-12-22 18:25:00+00:00,494.6400146484375,494.6799926757813,493.1900024414063,493.2500915527344,525910
2025-12-22 18:30:00+00:00,495.010009765625,495.7000122070313,494.4299926757813,494.6400146484375,633156
2025-12-22 18:35:00+00:00,494.1900024414063,495.2300109863281,493.9200134277344,495.0,458030
2025-12-22 18:40:00+00:00,495.0400085449219,495.1294860839844,494.010009765625,494.1900024414063,454477
2025-12-22 18:45:00+00:00,494.9201049804688,495.2799987792969,494.8200073242188,494.9800109863281,341135
2025-12-22 18:50:00+00:00,494.9739990234375,495.2000122070313,494.4700927734375,494.9343872070313,423352
2025-12-22 18:55:00+00:00,496.1199951171875,496.2900085449219,494.8500061035156,494.9908142089844,704949
2025-12-22 19:00:00+00:00,495.6400146484375,496.4100036621094,495.6400146484375,496.1099853515625,700738
2025-12-22 19:05:00+00:00,494.1749877929688,495.7799987792969,494.0,495.6300048828125,690020
2025-12-22 19:10:00+00:00,493.9700012207031,494.4399108886719,493.6099853515625,494.1600036621094,524169
2025-12-22 19:15:00+00:00,494.3080139160156,494.4500122070313,493.3900146484375,493.9700012207031,495583
2025-12-22 19:20:00+00:00,493.6000061035156,494.989990234375,493.6000061035156,494.3200073242188,550650
2025-12-22 19:25:00+00:00,493.080810546875,493.760009765625,492.8699951171875,493.60101318359375,565800
2025-12-22 19:30:00+00:00,493.2999877929688,493.7200012207031,492.9599914550781,493.05999755859375,445046
2025-12-22 19:35:00+00:00,493.30999755859375,493.5,492.9200134277344,493.2799987792969,364348
2025-12-22 19:40:00+00:00,492.8999938964844,493.5199890136719,492.8800048828125,493.34869384765625,318730
2025-12-22 19:45:00+00:00,492.4700012207031,493.3500061035156,492.0299987792969,492.9223937988281,520289
2025-12-22 19:50:00+00:00,493.1400146484375,493.4399108886719,492.3599853515625,492.4599914550781,510734
2025-12-22 19:55:00+00:00,493.1224060058594,493.3299865722656,492.7500915527344,493.1499938964844,301565
2025-12-22 20:00:00+00:00,492.9150085449219,493.4383850097656,492.8901062011719,493.1199951171875,313135
2025-12-22 20:05:00+00:00,491.2999877929688,493.2900085449219,491.1799926757813,492.9299926757813,528565
2025-12-22 20:10:00+00:00,489.7152099609375,491.5899963378906,489.6099853515625,491.30999755859375,983284
2025-12-22 20:15:00+00:00,488.80999755859375,489.864990234375,488.3599853515625,489.75,968641
2025-12-22 20:20:00+00:00,488.75,489.1499938964844,488.0499877929688,488.7900085449219,644930
2025-12-22 20:25:00+00:00,487.5299987792969,488.8399963378906,487.5,488.7449951171875,812199
2025-12-22 20:30:00+00:00,488.6300048828125,488.9200134277344,487.4400024414063,487.5,666782
2025-12-22 20:35:00+00:00,488.7999877929688,489.1843872070313,488.2200012207031,488.6700134277344,533355
2025-12-22 20:40:00+00:00,489.3349914550781,489.5499877929688,488.75,488.8228149414063,607557
2025-12-22 20:45:00+00:00,488.5379028320313,489.3900146484375,488.2612915039063,489.3500061035156,521488
2025-12-22 20:50:00+00:00,489.2900085449219,489.510009765625,487.5199890136719,488.5,778144
2025-12-22 20:55:00+00:00,488.7699890136719,489.5899963378906,488.4400024414063,489.3200073242188,1149396
2025-12-23 14:30:00+00:00,488.489990234375,491.9400024414063,487.5899963378906,490.75,2996477
2025-12-23 14:35:00+00:00,486.4800109863281,490.6300048828125,485.6700134277344,488.3999938964844,1703609
2025-12-23 14:40:00+00:00,488.0398864746094,488.5400085449219,485.6600036621094,486.4249877929688,1311704
2025-12-23 14:45:00+00:00,489.0150146484375,489.6099853515625,486.6799926757813,488.010009765625,1245897
2025-12-23 14:50:00+00:00,487.80999755859375,490.6900024414063,487.5700073242188,489.0150146484375,1330065
2025-12-23 14:55:00+00:00,487.5299987792969,488.6700134277344,486.8599853515625,487.8200073242188,1043476
2025-12-23 15:00:00+00:00,486.4299926757813,487.5400085449219,485.010009765625,487.5299987792969,1239245
2025-12-23 15:05:00+00:00,487.5239868164063,487.989990234375,486.3800048828125,486.4249877929688,826973
2025-12-23 15:10:00+00:00,486.5700073242188,487.9800109863281,485.9599914550781,487.5400085449219,774094
2025-12-23 15:15:00+00:00,487.7468872070313,487.8800048828125,486.0499877929688,486.6000061035156,642037
2025-12-23 15:20:00+00:00,486.9519958496094,488.7254028320313,486.8001098632813,487.7099914550781,687120
2025-12-23 15:25:00+00:00,486.7878112792969,487.4400024414063,486.4700012207031,486.9700012207031,423633
2025-12-23 15:30:00+00:00,487.8150024414063,487.9599914550781,486.1099853515625,486.8299865722656,687966
2025-12-23 15:35:00+00:00,487.3999938964844,488.2999877929688,487.0400085449219,487.7900085449219,416988
2025-12-23 15:40:00+00:00,486.8800048828125,487.6400146484375,486.5,487.3999938964844,410298
2025-12-23 15:45:00+00:00,487.2250061035156,487.4693908691406,486.5,486.8800048828125,383518
2025-12-23 15:50:00+00:00,487.5549926757813,487.8800048828125,486.7999877929688,487.2250061035156,421806
2025-12-23 15:55:00+00:00,488.0539855957031,488.4800109863281,487.1199951171875,487.58990478515625,466315
2025-12-23 16:00:00+00:00,488.6499938964844,488.7200012207031,487.3349914550781,488.0499877929688,533149
2025-12-23 16:05:00+00:00,488.25,489.3500061035156,488.1700134277344,488.6300048828125,619253
2025-12-23 16:10:00+00:00,487.6900939941406,488.4400024414063,487.0499877929688,488.2699890136719,550778
2025-12-23 16:15:00+00:00,487.7192077636719,488.0958862304688,487.3299865722656,487.7300109863281,352090
2025-12-23 16:20:00+00:00,487.1200866699219,487.9299926757813,486.8999938964844,487.7000122070313,382443
2025-12-23 16:25:00+00:00,485.6592102050781,487.1199951171875,485.3200073242188,487.1199951171875,571371
2025-12-23 16:30:00+00:00,484.4291076660156,486.3399963378906,484.2999877929688,485.6749877929688,1006876
2025-12-23 16:35:00+00:00,485.2008056640625,485.3200073242188,484.4356994628906,484.4498901367188,542443
2025-12-23 16:40:00+00:00,486.2318115234375,486.55999755859375,485.1700134277344,485.1919860839844,649707
2025-12-23 16:45:00+00:00,486.5239868164063,486.8900146484375,486.1900024414063,486.2333984375,427325
2025-12-23 16:50:00+00:00,486.1650085449219,487.0199890136719,486.05999755859375,486.5299987792969,437466
2025-12-23 16:55:00+00:00,486.2999877929688,486.5799865722656,485.7999877929688,486.1401062011719,384537
2025-12-23 17:00:00+00:00,486.7950134277344,487.0400085449219,485.8399963378906,486.2900085449219,381003
2025-12-23 17:05:00+00:00,486.8200988769531,487.2000122070313,486.1400146484375,486.7850036621094,407961
2025-12-23 17:10:00+00:00,486.1668090820313,486.9400024414063,485.8699951171875,486.8200073242188,326154
2025-12-23 17:15:00+00:00,485.8049926757813,486.2909851074219,485.6700134277344,486.1607971191406,269054
2025-12-23 17:20:00+00:00,485.2149963378906,486.06878662109375,485.0700988769531,485.8150024414063,322422
2025-12-23 17:25:00+00:00,485.7619934082031,485.8500061035156,484.8559875488281,485.2149963378906,417749
2025-12-23 17:30:00+00:00,485.3349914550781,485.7999877929688,484.9500122070313,485.7767028808594,335171
2025-12-23 17:35:00+00:00,485.2449951171875,485.3500061035156,484.8200073242188,485.330810546875,280551
2025-12-23 17:40:00+00:00,484.7349853515625,485.5199890136719,484.6499938964844,485.260009765625,326312
2025-12-23 17:45:00+00:00,484.989990234375,485.1600036621094,484.5700073242188,484.739990234375,305430
2025-12-23 17:50:00+00:00,484.5799865722656,485.0199890136719,484.1499938964844,484.989990234375,390626
2025-12-23 17:55:00+00:00,484.1700134277344,484.75,483.75,484.6000061035156,679309
2025-12-23 18:00:00+00:00,484.6300048828125,484.6600036621094,483.3500061035156,484.1539916992188,504861
2025-12-23 18:05:00+00:00,485.6400146484375,485.7200012207031,484.4202880859375,484.5299987792969,549822
2025-12-23 18:10:00+00:00,485.8500061035156,486.1900024414063,485.3299865722656,485.6011962890625,538108
2025-12-23 18:15:00+00:00,485.5799865722656,486.010009765625,485.0809020996094,485.8699951171875,445379
2025-12-23 18:20:00+00:00,485.4991149902344,486.0,485.3900146484375,485.5999145507813,256822
2025-12-23 18:25:00+00:00,485.3800048828125,485.8299865722656,485.25,485.4700012207031,254036
2025-12-23 18:30:00+00:00,485.927001953125,486.05999755859375,485.2999877929688,485.3999938964844,238710
2025-12-23 18:35:00+00:00,484.2099914550781,486.0079956054688,484.1600036621094,485.9146118164063,508553
2025-12-23 18:40:00+00:00,484.4400024414063,484.6700134277344,484.090087890625,484.2200012207031,337932
2025-12-23 18:45:00+00:00,483.8500061035156,484.4549865722656,483.7799987792969,484.4400024414063,348224
2025-12-23 18:50:00+00:00,483.1199951171875,484.0,482.84478759765625,483.8399963378906,548103
2025-12-23 18:55:00+00:00,483.1400146484375,483.2900085449219,482.8500061035156,483.1358947753906,381336
2025-12-23 19:00:00+00:00,483.7099914550781,483.9299926757813,483.110107421875,483.1455993652344,472546
2025-12-23 19:05:00+00:00,484.0499877929688,484.0999145507813,483.5799865722656,483.7049865722656,293244
2025-12-23 19:10:00+00:00,483.3949890136719,484.25,483.3800048828125,484.033203125,377842
2025-12-23 19:15:00+00:00,484.093994140625,484.1099853515625,483.0499877929688,483.3908081054688,397248
2025-12-23 19:20:00+00:00,483.8900146484375,484.260009765625,483.3599853515625,484.05218505859375,429829
2025-12-23 19:25:00+00:00,483.92919921875,484.1799926757813,483.7900085449219,483.8599853515625,297324
2025-12-23 19:30:00+00:00,483.9049987792969,484.1000061035156,483.4800109863281,483.9249877929688,306409
2025-12-23 19:35:00+00:00,484.9599914550781,485.3287963867188,483.7200927734375,483.9197082519531,569724
2025-12-23 19:40:00+00:00,485.1799926757813,485.2200012207031,484.1199951171875,484.9732055664063,474843
2025-12-23 19:45:00+00:00,485.2926025390625,485.6499938964844,484.989990234375,485.1507873535156,476642
2025-12-23 19:50:00+00:00,486.1449890136719,486.1852111816406,485.1499938964844,485.3200073242188,447919
2025-12-23 19:55:00+00:00,486.45989990234375,486.6000061035156,485.9599914550781,486.15240478515625,493296
2025-12-23 20:00:00+00:00,486.5700073242188,486.9200134277344,486.3299865722656,486.4599914550781,484183
2025-12-23 20:05:00+00:00,486.5499877929688,486.8999938964844,486.14349365234375,486.5899963378906,462016
2025-12-23 20:10:00+00:00,486.75,486.8999938964844,485.9200134277344,486.5498962402344,426433
2025-12-23 20:15:00+00:00,487.260009765625,487.4100036621094,486.5499877929688,486.7799987792969,554641
2025-12-23 20:20:00+00:00,486.6582946777344,487.260009765625,486.3999938964844,487.239990234375,403392
2025-12-23 20:25:00+00:00,486.8699951171875,486.9500122070313,486.510009765625,486.6129150390625,247483
2025-12-23 20:30:00+00:00,485.7300109863281,486.8999938964844,485.7200927734375,486.8599853515625,333033
2025-12-23 20:35:00+00:00,485.6900024414063,486.2900085449219,485.4002075195313,485.7651977539063,452716
2025-12-23 20:40:00+00:00,485.9299926757813,486.4400024414063,485.6400146484375,485.7300109863281,393770
2025-12-23 20:45:00+00:00,485.80999755859375,486.0799865722656,485.25,485.9400024414063,432962
2025-12-23 20:50:00+00:00,485.2349853515625,486.510009765625,484.5700073242188,485.8399963378906,908913
2025-12-23 20:55:00+00:00,485.6099853515625,486.05999755859375,485.2900085449219,485.2900085449219,1038658
2025-12-24 14:30:00+00:00,485.5700073242188,489.6499938964844,485.2200012207031,489.3599853515625,2213945
2025-12-24 14:35:00+00:00,482.1000061035156,485.5429992675781,481.8999938964844,485.5400085449219,1596697
2025-12-24 14:40:00+00:00,481.239990234375,483.3200073242188,480.260009765625,482.2000122070313,1522709
2025-12-24 14:45:00+00:00,481.3976135253906,481.9500122070313,479.75,481.260009765625,1119025
2025-12-24 14:50:00+00:00,480.4049987792969,481.80999755859375,480.2000122070313,481.4249877929688,822576
2025-12-24 14:55:00+00:00,480.5299987792969,481.369384765625,479.4700012207031,480.3999938964844,879499
2025-12-24 15:00:00+00:00,480.64300537109375,481.1900024414063,480.0,480.5299987792969,632022
2025-12-24 15:05:00+00:00,480.3587951660156,480.8900146484375,479.5899963378906,480.6123962402344,689980
2025-12-24 15:10:00+00:00,478.9840087890625,481.2699890136719,478.8800048828125,480.385009765625,1061393
2025-12-24 15:15:00+00:00,479.9100036621094,480.0799865722656,478.9299926757813,478.9649963378906,696644
2025-12-24 15:20:00+00:00,478.6749877929688,480.2998962402344,478.6000061035156,479.8999938964844,746997
2025-12-24 15:25:00+00:00,477.3340148925781,478.8799133300781,476.7999877929688,478.68499755859375,1141079
2025-12-24 15:30:00+00:00,478.3699951171875,478.3999938964844,477.1300964355469,477.3340148925781,887834
2025-12-24 15:35:00+00:00,479.1799926757813,479.3900146484375,478.2000122070313,478.3500061035156,821271
2025-12-24 15:40:00+00:00,479.75,480.2998962402344,479.1906127929688,479.2063903808594,751000
2025-12-24 15:45:00+00:00,479.8200073242188,480.6447143554688,479.260009765625,479.7496948242188,800049
2025-12-24 15:50:00+00:00,479.5624084472656,480.239990234375,479.010009765625,479.7900085449219,612226
2025-12-24 15:55:00+00:00,478.651611328125,479.6907043457031,478.2900085449219,479.55999755859375,654367
2025-12-24 16:00:00+00:00,478.8949890136719,479.3399963378906,478.6199951171875,478.6900024414063,456925
2025-12-24 16:05:00+00:00,479.739990234375,479.8999938964844,478.4599914550781,478.8949890136719,516880
2025-12-24 16:10:00+00:00,480.1499938964844,480.2799987792969,479.3599853515625,479.7699890136719,498272
2025-12-24 16:15:00+00:00,480.9100036621094,481.1900024414063,480.0400085449219,480.1749877929688,665518
2025-12-24 16:20:00+00:00,481.3500061035156,481.739990234375,480.8900146484375,480.8999938964844,661495
2025-12-24 16:25:00+00:00,481.6900024414063,482.0599060058594,481.0499877929688,481.3598937988281,572870
2025-12-24 16:30:00+00:00,482.3599853515625,482.5199890136719,481.6400146484375,481.6812133789063,650924
2025-12-24 16:35:00+00:00,482.2250061035156,482.6199951171875,481.8699951171875,482.3713073730469,562831
2025-12-24 16:40:00+00:00,481.3869934082031,482.7000122070313,481.3299865722656,482.2250061035156,576567
2025-12-24 16:45:00+00:00,482.71868896484375,482.7799987792969,481.1400146484375,481.3999938964844,688951
2025-12-24 16:50:00+00:00,481.7900085449219,482.8349914550781,481.7699890136719,482.7300109863281,509176
2025-12-24 16:55:00+00:00,482.0299987792969,482.6199951171875,481.75,481.8399963378906,512345
2025-12-24 17:00:00+00:00,482.0880126953125,482.2799987792969,481.7999877929688,482.0299987792969,268823
2025-12-24 17:05:00+00:00,482.3999938964844,482.6940002441406,482.1018981933594,482.1400146484375,356353
2025-12-24 17:10:00+00:00,482.2272033691406,482.9299926757813,482.1099853515625,482.3900146484375,464653
2025-12-24 17:15:00+00:00,481.797607421875,482.2862854003906,481.5700073242188,482.1878051757813,477063
2025-12-24 17:20:00+00:00,482.0143127441406,482.0899963378906,481.2200012207031,481.7900085449219,368709
2025-12-24 17:25:00+00:00,481.7699890136719,482.3299865722656,481.3500061035156,482.0,419320
2025-12-24 17:30:00+00:00,482.168212890625,482.25,481.760009765625,481.7676086425781,277840
2025-12-24 17:35:00+00:00,482.1701049804688,482.489990234375,482.0299987792969,482.1400146484375,295436
2025-12-24 17:40:00+00:00,482.4400024414063,482.6900024414063,482.1300048828125,482.1700134277344,356071
2025-12-24 17:45:00+00:00,482.4400024414063,482.9179992675781,482.1099853515625,482.4100036621094,396855
2025-12-24 17:50:00+00:00,483.4500122070313,483.5199890136719,481.7999877929688,482.4599914550781,600630
2025-12-24 17:55:00+00:00,485.3999938964844,485.4400024414063,483.3900146484375,483.5199890136719,1429128
2025-12-26 14:30:00+00:00,486.9400024414063,487.6199951171875,485.0,486.0,1725424
2025-12-26 14:35:00+00:00,487.2428894042969,489.0899963378906,486.55999755859375,486.80999755859375,1303458
2025-12-26 14:40:00+00:00,484.0549926757813,487.2898864746094,483.3599853515625,487.2300109863281,1352828
2025-12-26 14:45:00+00:00,483.9248046875,484.8999938964844,482.9800109863281,484.0899963378906,925858
2025-12-26 14:50:00+00:00,482.9299926757813,484.0199890136719,482.1300048828125,483.9599914550781,887677
2025-12-26 14:55:00+00:00,482.5199890136719,483.4800109863281,481.8999938964844,482.9750061035156,1142854
2025-12-26 15:00:00+00:00,481.4800109863281,482.6578063964844,480.1799926757813,482.6499938964844,1009861
2025-12-26 15:05:00+00:00,480.8900146484375,481.7999877929688,479.9400024414063,481.5000915527344,1021137
2025-12-26 15:10:00+00:00,479.0899963378906,481.1300048828125,479.0899963378906,480.8900146484375,974751
2025-12-26 15:15:00+00:00,478.7699890136719,479.8299865722656,478.4599914550781,479.1050109863281,850630
2025-12-26 15:20:00+00:00,477.8450012207031,479.2300109863281,477.6600036621094,478.7448120117188,920847
2025-12-26 15:25:00+00:00,477.1700134277344,478.2200012207031,476.8999938964844,477.8599853515625,888009
2025-12-26 15:30:00+00:00,476.03131103515625,477.55999755859375,475.7000122070313,477.1600036621094,1055200
2025-12-26 15:35:00+00:00,474.5224914550781,476.3298950195313,474.2699890136719,476.03131103515625,1157262
2025-12-26 15:40:00+00:00,476.4549865722656,476.7000122070313,473.8200073242188,474.4949951171875,1474870
2025-12-26 15:45:00+00:00,478.15869140625,478.3299865722656,476.2999877929688,476.4309997558594,1196394
2025-12-26 15:50:00+00:00,478.2999877929688,478.8900146484375,477.6300048828125,478.1549987792969,993487
2025-12-26 15:55:00+00:00,478.1211853027344,478.8800048828125,477.8299865722656,478.30120849609375,758778
2025-12-26 16:00:00+00:00,479.0,479.3890075683594,478.0700073242188,478.1319885253906,664760
2025-12-26 16:05:00+00:00,478.2900085449219,479.4100036621094,478.0,479.0299072265625,625654
2025-12-26 16:10:00+00:00,477.5700073242188,478.843994140625,477.5299987792969,478.2900085449219,497333
2025-12-26 16:15:00+00:00,477.364990234375,478.2300109863281,477.1000061035156,477.5499877929688,597407
2025-12-26 16:20:00+00:00,478.3631896972656,478.55999755859375,477.2200012207031,477.3800048828125,527010
2025-12-26 16:25:00+00:00,478.4798889160156,478.7799987792969,478.0,478.3299865722656,387738
2025-12-26 16:30:00+00:00,477.9200134277344,478.6600036621094,477.6200866699219,478.4800109863281,414809
2025-12-26 16:35:00+00:00,477.9425048828125,478.0400085449219,477.4526062011719,477.8599853515625,333347
2025-12-26 16:40:00+00:00,478.4450073242188,479.1600036621094,477.9100036621094,477.9500122070313,620639
2025-12-26 16:45:00+00:00,478.7000122070313,478.8999938964844,478.4299926757813,478.4599914550781,287802
2025-12-26 16:50:00+00:00,478.9100036621094,479.2000122070313,478.5199890136719,478.68499755859375,328377
2025-12-26 16:55:00+00:00,478.260009765625,478.9700012207031,478.1401062011719,478.9012145996094,317853
2025-12-26 17:00:00+00:00,478.5090026855469,478.6700134277344,478.1799926757813,478.239990234375,258337
2025-12-26 17:05:00+00:00,478.0799865722656,478.6600036621094,478.0499877929688,478.5199890136719,280396
2025-12-26 17:10:00+00:00,477.0498962402344,478.2000122070313,476.8200073242188,478.0799865722656,587616
2025-12-26 17:15:00+00:00,477.43499755859375,477.510009765625,476.610107421875,477.0,498791
2025-12-26 17:20:00+00:00,478.3299865722656,478.5,477.3900146484375,477.4500122070313,462494
2025-12-26 17:25:00+00:00,479.6340026855469,479.7112121582031,478.1600036621094,478.3200073242188,588521
2025-12-26 17:30:00+00:00,479.5150146484375,479.9599914550781,479.29010009765625,479.5899963378906,437482
2025-12-26 17:35:00+00:00,480.1780090332031,480.3500061035156,479.489990234375,479.5169982910156,473414
2025-12-26 17:40:00+00:00,480.1032104492188,480.4800109863281,479.8200073242188,480.1749877929688,474057
2025-12-26 17:45:00+00:00,480.0235900878906,480.2000122070313,479.5899963378906,480.0899963378906,365205
2025-12-26 17:50:00+00:00,479.9320068359375,480.0999145507813,479.5700073242188,479.9901123046875,270488
2025-12-26 17:55:00+00:00,480.1700134277344,480.5,479.9201049804688,479.9400024414063,325835
2025-12-26 18:00:00+00:00,479.3299865722656,480.2999877929688,479.1099853515625,480.1480102539063,363666
2025-12-26 18:05:00+00:00,479.3599853515625,479.8581848144531,479.2999877929688,479.3599853515625,223891
2025-12-26 18:10:00+00:00,479.1099853515625,479.6799926757813,479.0799865722656,479.3999938964844,272022
2025-12-26 18:15:00+00:00,479.1600036621094,479.6099853515625,478.8200988769531,479.0799865722656,334416
2025-12-26 18:20:00+00:00,478.7900085449219,479.1799926757813,478.4200134277344,479.1465148925781,353490
2025-12-26 18:25:00+00:00,478.8800048828125,479.0,478.4200134277344,478.7749938964844,264146
2025-12-26 18:30:00+00:00,478.5562133789063,479.1000061035156,478.25,478.8599853515625,372171
2025-12-26 18:35:00+00:00,478.1799926757813,478.7300109863281,478.1400146484375,478.5509948730469,330762
2025-12-26 18:40:00+00:00,478.05999755859375,478.4299926757813,477.8999938964844,478.1799926757813,339591
2025-12-26 18:45:00+00:00,478.2900085449219,478.510009765625,478.0499877929688,478.05999755859375,300156
2025-12-26 18:50:00+00:00,478.4313049316406,478.510009765625,477.7200012207031,478.2900085449219,384183
2025-12-26 18:55:00+00:00,478.3800048828125,478.6199951171875,478.1199951171875,478.4500122070313,292925
2025-12-26 19:00:00+00:00,478.6700134277344,478.8771057128906,478.110107421875,478.3999938964844,346776
2025-12-26 19:05:00+00:00,478.9862060546875,479.239990234375,478.6400146484375,478.7000122070313,355535
2025-12-26 19:10:00+00:00,478.1195068359375,478.989990234375,477.9400024414063,478.9820861816406,361007
2025-12-26 19:15:00+00:00,478.4100036621094,478.5199890136719,478.05999755859375,478.1099853515625,265419
2025-12-26 19:20:00+00:00,478.5299987792969,478.7799987792969,478.3900146484375,478.4100036621094,242088
2025-12-26 19:25:00+00:00,478.489990234375,478.70989990234375,478.2200012207031,478.5498962402344,211012
2025-12-26 19:30:00+00:00,478.3150024414063,478.67041015625,478.05999755859375,478.489990234375,280631
2025-12-26 19:35:00+00:00,478.05999755859375,478.5199890136719,477.9201049804688,478.3299865722656,210412
2025-12-26 19:40:00+00:00,477.9649963378906,478.25,477.8743896484375,478.0700073242188,158649
2025-12-26 19:45:00+00:00,477.8599853515625,478.1799926757813,477.75,477.9549865722656,263006
2025-12-26 19:50:00+00:00,478.1799926757813,478.3711853027344,477.7799987792969,477.8800048828125,291007
2025-12-26 19:55:00+00:00,478.6499938964844,478.8699035644531,478.1799926757813,478.1958923339844,391223
2025-12-26 20:00:00+00:00,478.4100036621094,478.7999877929688,478.1600036621094,478.6567993164063,280284
2025-12-26 20:05:00+00:00,478.1700134277344,478.5400085449219,478.1600036621094,478.3905944824219,210381
2025-12-26 20:10:00+00:00,478.0700073242188,478.3699951171875,478.0,478.16009521484375,257561
2025-12-26 20:15:00+00:00,478.4410095214844,478.5700073242188,478.0199890136719,478.0740051269531,277517
2025-12-26 20:20:00+00:00,478.5199890136719,478.5799865722656,478.1099853515625,478.4411926269531,252316
2025-12-26 20:25:00+00:00,478.3598937988281,478.6199951171875,478.1400146484375,478.5,250713
2025-12-26 20:30:00+00:00,477.9500122070313,478.3599853515625,477.7699890136719,478.3550109863281,390791
2025-12-26 20:35:00+00:00,478.0867919921875,478.2200012207031,477.8599853515625,477.9750061035156,227916
2025-12-26 20:40:00+00:00,477.3900146484375,478.1099853515625,477.3599853515625,478.0799865722656,405832
2025-12-26 20:45:00+00:00,477.1600036621094,477.739990234375,477.1000061035156,477.4200134277344,400338
2025-12-26 20:50:00+00:00,476.1135864257813,477.3799133300781,476.0,477.1499938964844,742299
2025-12-26 20:55:00+00:00,475.1900024414063,476.3800048828125,474.9800109863281,476.1099853515625,1618814
2025-12-29 14:30:00+00:00,463.8487854003906,469.3999938964844,463.6900024414063,469.0,3561915
2025-12-29 14:35:00+00:00,464.8900146484375,467.6300048828125,463.1300048828125,464.0,1905453
2025-12-29 14:40:00+00:00,465.7384948730469,466.9599914550781,464.1400146484375,464.8900146484375,1114001
2025-12-29 14:45:00+00:00,465.60260009765625,468.3399963378906,464.6000061035156,465.7099914550781,1226603
2025-12-29 14:50:00+00:00,464.55999755859375,466.1900024414063,463.5499877929688,465.510009765625,1143209
2025-12-29 14:55:00+00:00,462.7300109863281,464.9200134277344,462.3699951171875,464.55999755859375,1231884
2025-12-29 15:00:00+00:00,462.1875915527344,464.1000061035156,462.0700073242188,462.75,1108739
2025-12-29 15:05:00+00:00,461.8800048828125,462.55999755859375,461.3200073242188,462.1900024414063,1149316
2025-12-29 15:10:00+00:00,463.7300109863281,463.7384033203125,461.7200012207031,461.8829956054688,5308183
2025-12-29 15:15:00+00:00,464.0849914550781,464.75,463.2532958984375,463.7149963378906,0
2025-12-29 15:20:00+00:00,465.3349914550781,465.6400146484375,463.6300048828125,464.0499877929688,858504
2025-12-29 15:25:00+00:00,466.2500915527344,466.8800048828125,464.9200134277344,465.3619995117188,1051117
2025-12-29 15:30:00+00:00,467.3088073730469,467.3298950195313,465.4299926757813,466.2300109863281,827037
2025-12-29 15:35:00+00:00,467.2749938964844,467.80999755859375,466.5703125,467.30999755859375,956144
2025-12-29 15:40:00+00:00,466.7200012207031,467.75,466.0899963378906,467.2900085449219,709422
2025-12-29 15:45:00+00:00,465.9700012207031,467.25,465.8800048828125,466.80999755859375,634251
2025-12-29 15:50:00+00:00,466.0400085449219,466.2999877929688,465.2300109863281,465.9500122070313,657420
2025-12-29 15:55:00+00:00,466.6900024414063,467.1499938964844,465.8200988769531,465.9700012207031,556079
2025-12-29 16:00:00+00:00,466.489990234375,467.3299865722656,466.2999877929688,466.7192077636719,454293
2025-12-29 16:05:00+00:00,466.3599853515625,467.0,466.0650024414063,466.5450134277344,382164
2025-12-29 16:10:00+00:00,467.3500061035156,467.75,466.1700134277344,466.3800048828125,518246
2025-12-29 16:15:00+00:00,467.3049926757813,467.5,466.55999755859375,467.3200988769531,406303
2025-12-29 16:20:00+00:00,467.4249877929688,467.5700073242188,466.9800109863281,467.2799987792969,355210
2025-12-29 16:25:00+00:00,467.6300048828125,467.7200012207031,466.7099914550781,467.4215087890625,419513
2025-12-29 16:30:00+00:00,468.0400085449219,468.3550109863281,467.1499938964844,467.6199951171875,619059
2025-12-29 16:35:00+00:00,468.5799865722656,469.2000122070313,467.9400024414063,468.0523071289063,655546
2025-12-29 16:40:00+00:00,468.0548095703125,468.8399963378906,467.75,468.6199951171875,503016
2025-12-29 16:45:00+00:00,468.610107421875,468.8500061035156,468.010009765625,468.0450134277344,383356
2025-12-29 16:50:00+00:00,468.3420104980469,468.6600036621094,468.0268859863281,468.610107421875,328369
2025-12-29 16:55:00+00:00,467.8399963378906,468.6900024414063,467.8200073242188,468.3699951171875,328038
2025-12-29 17:00:00+00:00,467.8092956542969,468.22119140625,467.6000061035156,467.864990234375,383363
2025-12-29 17:05:00+00:00,466.6799926757813,467.8999938964844,466.6499938964844,467.8233947753906,455927
2025-12-29 17:10:00+00:00,467.0350036621094,467.239990234375,466.3689880371094,466.7099914550781,481765
2025-12-29 17:15:00+00:00,467.1600036621094,467.2200012207031,466.5,467.010009765625,331280
2025-12-29 17:20:00+00:00,466.4649963378906,467.25,466.3599853515625,467.1799926757813,299235
2025-12-29 17:25:00+00:00,466.1181945800781,466.5499877929688,465.8699951171875,466.4695129394531,407499
2025-12-29 17:30:00+00:00,466.4200134277344,466.7900085449219,466.0763854980469,466.0950012207031,356299
2025-12-29 17:35:00+00:00,466.0249938964844,466.7199096679688,465.9010925292969,466.3949890136719,317742
2025-12-29 17:40:00+00:00,466.0098876953125,466.1400146484375,465.4100036621094,466.0249938964844,439757
2025-12-29 17:45:00+00:00,466.0299987792969,466.1600036621094,465.6600036621094,465.99609375,289730
2025-12-29 17:50:00+00:00,465.8999938964844,466.3599853515625,465.7999877929688,466.0299987792969,305633
2025-12-29 17:55:00+00:00,465.9299926757813,466.3599853515625,465.7000122070313,465.9299926757813,302402
2025-12-29 18:00:00+00:00,464.8999938964844,465.9700012207031,464.4400024414063,465.9500122070313,618222
2025-12-29 18:05:00+00:00,465.0769958496094,465.1900024414063,464.3900146484375,464.8699951171875,365816
2025-12-29 18:10:00+00:00,464.1300048828125,465.1000061035156,463.9800109863281,465.0523986816406,427941
2025-12-29 18:15:00+00:00,464.0249938964844,464.5700073242188,463.8999938964844,464.1268005371094,383907
2025-12-29 18:20:00+00:00,464.2232055664063,464.2799987792969,463.739990234375,464.0400085449219,349340
2025-12-29 18:25:00+00:00,464.0899963378906,464.2799987792969,463.8999938964844,464.2250061035156,227232
2025-12-29 18:30:00+00:00,463.75,464.3800048828125,463.5,464.0600891113281,389571
2025-12-29 18:35:00+00:00,464.010009765625,464.2900085449219,463.6700134277344,463.7619934082031,319358
2025-12-29 18:40:00+00:00,463.1199951171875,464.052001953125,462.7349853515625,464.0199890136719,539874
2025-12-29 18:45:00+00:00,462.91009521484375,463.1400146484375,462.6872863769531,463.1300048828125,342172
2025-12-29 18:50:00+00:00,463.0,463.3500061035156,462.75,462.9096984863281,348589
2025-12-29 18:55:00+00:00,462.875,463.1900024414063,462.5400085449219,462.97760009765625,363309
2025-12-29 19:00:00+00:00,462.8949890136719,463.4249877929688,462.79010009765625,462.8735046386719,345416
2025-12-29 19:05:00+00:00,462.6600036621094,463.25,462.5368041992188,462.8949890136719,335570
2025-12-29 19:10:00+00:00,462.4800109863281,462.9299926757813,462.2200012207031,462.6700134277344,441650
2025-12-29 19:15:00+00:00,462.0150146484375,462.7190856933594,461.9501037597656,462.5,454532
2025-12-29 19:20:00+00:00,463.10260009765625,463.2998962402344,462.0174865722656,462.0199890136719,494705
2025-12-29 19:25:00+00:00,463.010009765625,463.2000122070313,462.7291870117188,463.114990234375,342596
2025-12-29 19:30:00+00:00,463.2247009277344,463.64990234375,462.9500122070313,463.0299987792969,407227
2025-12-29 19:35:00+00:00,462.5799865722656,463.30999755859375,462.0920104980469,463.2300109863281,474074
2025-12-29 19:40:00+00:00,462.6500854492188,462.8999938964844,462.30999755859375,462.5700073242188,338789
2025-12-29 19:45:00+00:00,463.1950073242188,463.3299865722656,462.6900024414063,462.6900024414063,338949
2025-12-29 19:50:00+00:00,463.55999755859375,463.6400146484375,462.9700012207031,463.1799926757813,311046
2025-12-29 19:55:00+00:00,464.0549926757813,464.3450012207031,463.5299987792969,463.5299987792969,491906
2025-12-29 20:00:00+00:00,464.0895080566406,464.1499938964844,463.0,464.0549926757813,505008
2025-12-29 20:05:00+00:00,463.4400024414063,464.1000061035156,463.340087890625,464.1000061035156,344714
2025-12-29 20:10:00+00:00,463.1099853515625,463.8198852539063,462.7999877929688,463.4100036621094,436261
2025-12-29 20:15:00+00:00,462.625,463.3500061035156,462.5499877929688,463.0899963378906,423203
2025-12-29 20:20:00+00:00,463.3900146484375,463.4400024414063,462.42041015625,462.6196899414063,481078
2025-12-29 20:25:00+00:00,462.6700134277344,463.6600036621094,462.5,463.4100036621094,438983
2025-12-29 20:30:00+00:00,462.2676086425781,462.7499084472656,462.1099853515625,462.6950073242188,420519
2025-12-29 20:35:00+00:00,461.4750061035156,462.3599853515625,461.3399963378906,462.2374877929688,571055
2025-12-29 20:40:00+00:00,461.989990234375,461.989990234375,460.9400024414063,461.4540100097656,786735
2025-12-29 20:45:00+00:00,461.1900024414063,462.18499755859375,460.9700012207031,461.989990234375,656551
2025-12-29 20:50:00+00:00,460.10101318359375,461.6271057128906,459.2999877929688,461.2200012207031,1470915
2025-12-29 20:55:00+00:00,459.6199951171875,461.2999877929688,459.3999938964844,460.1600036621094,1543651
2025-12-30 14:30:00+00:00,456.3900146484375,460.7099914550781,456.010009765625,460.0,2770168
2025-12-30 14:35:00+00:00,455.7593078613281,457.3099060058594,454.7200012207031,456.4450073242188,1423953
2025-12-30 14:40:00+00:00,455.4827880859375,455.9859008789063,453.8299865722656,455.7099914550781,1396000
2025-12-30 14:45:00+00:00,457.5000915527344,457.5000915527344,454.2300109863281,455.4971923828125,1310317
2025-12-30 14:50:00+00:00,458.30999755859375,458.5899963378906,457.1000061035156,457.5,1237595
2025-12-30 14:55:00+00:00,458.89990234375,459.6799926757813,458.0499877929688,458.3299865722656,1157000
2025-12-30 15:00:00+00:00,459.0899963378906,459.6600036621094,458.2799987792969,458.8399963378906,1020881
2025-12-30 15:05:00+00:00,459.8299865722656,460.80999755859375,458.7999877929688,459.1299133300781,1118613
2025-12-30 15:10:00+00:00,459.2524108886719,460.0412902832031,457.9100036621094,459.8100891113281,1040087
2025-12-30 15:15:00+00:00,458.8900146484375,459.6400146484375,457.6600036621094,459.3150024414063,831737
2025-12-30 15:20:00+00:00,460.385986328125,461.0299987792969,458.6400146484375,458.9169921875,1030136
2025-12-30 15:25:00+00:00,460.6799926757813,460.8500061035156,459.8800048828125,460.4500122070313,657004
2025-12-30 15:30:00+00:00,459.3450012207031,461.05999755859375,459.0199890136719,460.6300048828125,683302
2025-12-30 15:35:00+00:00,460.2998962402344,460.7200012207031,459.1500854492188,459.3623962402344,587558
2025-12-30 15:40:00+00:00,460.5480041503906,460.8800048828125,459.9200134277344,460.2998962402344,535896
2025-12-30 15:45:00+00:00,460.1549987792969,460.6300048828125,459.6900024414063,460.5299987792969,424978
2025-12-30 15:50:00+00:00,461.1600036621094,461.1900024414063,460.1000061035156,460.1507873535156,434012
2025-12-30 15:55:00+00:00,461.63470458984375,461.6900024414063,461.0199890136719,461.1600036621094,638861
2025-12-30 16:00:00+00:00,461.67919921875,462.2099914550781,461.1000061035156,461.6499938964844,714056
2025-12-30 16:05:00+00:00,461.2799987792969,461.75,460.8599853515625,461.7099914550781,569015
2025-12-30 16:10:00+00:00,461.4424133300781,461.7999877929688,461.1452026367188,461.2925109863281,355045
2025-12-30 16:15:00+00:00,460.4562072753906,461.6400146484375,460.3699951171875,461.3817138671875,436359
2025-12-30 16:20:00+00:00,461.1900024414063,461.25,460.30999755859375,460.4836120605469,476340
2025-12-30 16:25:00+00:00,461.1300048828125,461.2799072265625,460.6400146484375,461.16259765625,295904
2025-12-30 16:30:00+00:00,462.3500061035156,462.7000122070313,461.0899963378906,461.1099853515625,732992
2025-12-30 16:35:00+00:00,461.9700012207031,462.6000061035156,461.6799926757813,462.3707885742188,499288
2025-12-30 16:40:00+00:00,461.8399963378906,462.6000061035156,461.6600036621094,461.9649963378906,444815
2025-12-30 16:45:00+00:00,461.4231872558594,462.0299987792969,461.35009765625,461.8624877929688,311967
2025-12-30 16:50:00+00:00,461.5299987792969,461.55999755859375,460.7099914550781,461.3800048828125,469710
2025-12-30 16:55:00+00:00,461.6449890136719,462.1700134277344,461.4500122070313,461.4999084472656,524113
2025-12-30 17:00:00+00:00,461.6050109863281,461.9400024414063,460.6900024414063,461.6799926757813,486045
2025-12-30 17:05:00+00:00,462.2199096679688,462.3500061035156,461.5306091308594,461.625,355722
2025-12-30 17:10:00+00:00,462.7300109863281,463.1199951171875,461.8900146484375,462.1590881347656,610436
2025-12-30 17:15:00+00:00,462.3800048828125,462.8900146484375,462.2101135253906,462.760009765625,402303
2025-12-30 17:20:00+00:00,461.7099914550781,462.4249877929688,461.7099914550781,462.3599853515625,333206
2025-12-30 17:25:00+00:00,462.1700134277344,462.3599853515625,461.6799926757813,461.7300109863281,298044
2025-12-30 17:30:00+00:00,461.9700012207031,462.2799987792969,461.79888916015625,462.1300048828125,208234
2025-12-30 17:35:00+00:00,461.6300048828125,462.1499938964844,461.4200134277344,461.9700012207031,261376
2025-12-30 17:40:00+00:00,460.7850036621094,461.7698974609375,460.6900024414063,461.6099853515625,338519
2025-12-30 17:45:00+00:00,459.8103942871094,460.9299926757813,459.6942138671875,460.802490234375,640549
2025-12-30 17:50:00+00:00,460.2300109863281,460.3800048828125,459.7000122070313,459.8294982910156,482656
2025-12-30 17:55:00+00:00,459.9700012207031,460.7864074707031,459.8500061035156,460.2799987792969,473274
2025-12-30 18:00:00+00:00,458.93499755859375,460.0198974609375,458.5799865722656,459.9299926757813,708846
2025-12-30 18:05:00+00:00,460.0899963378906,460.1899108886719,458.8999938964844,458.9500122070313,462257
2025-12-30 18:10:00+00:00,459.6199951171875,460.1998901367188,459.4700012207031,460.1099853515625,369886
2025-12-30 18:15:00+00:00,460.1253051757813,460.4399108886719,459.6000061035156,459.6250915527344,368488
2025-12-30 18:20:00+00:00,459.8992919921875,460.5899963378906,459.8200988769531,460.1099853515625,343839
2025-12-30 18:25:00+00:00,460.4960021972656,460.5299987792969,459.75,459.8900146484375,296403
2025-12-30 18:30:00+00:00,459.9949951171875,460.739990234375,459.9200134277344,460.4700012207031,322063
2025-12-30 18:35:00+00:00,459.58349609375,460.1000061035156,459.4201049804688,460.010009765625,337929
2025-12-30 18:40:00+00:00,459.0150146484375,459.6199951171875,458.3999938964844,459.5400085449219,537686
2025-12-30 18:45:00+00:00,459.4400024414063,459.4700012207031,458.8500061035156,459.0050048828125,297683
2025-12-30 18:50:00+00:00,458.6799011230469,459.489990234375,458.25,459.41009521484375,406032
2025-12-30 18:55:00+00:00,459.0398864746094,459.2699890136719,458.6099853515625,458.6650085449219,307031
2025-12-30 19:00:00+00:00,458.1300048828125,459.2300109863281,458.0499877929688,459.0,380599
2025-12-30 19:05:00+00:00,458.4100036621094,458.6199951171875,457.8800048828125,458.1000061035156,390534
2025-12-30 19:10:00+00:00,458.489990234375,458.8999938964844,458.2999877929688,458.4100036621094,281463
2025-12-30 19:15:00+00:00,458.3599853515625,458.6900024414063,458.0899963378906,458.4989929199219,244631
2025-12-30 19:20:00+00:00,459.4374084472656,459.6700134277344,458.3399963378906,458.3652038574219,442111
2025-12-30 19:25:00+00:00,458.614990234375,459.45989990234375,458.5700988769531,459.4000854492188,261248
2025-12-30 19:30:00+00:00,457.9299926757813,458.7099914550781,457.7101135253906,458.6000061035156,377170
2025-12-30 19:35:00+00:00,457.5299987792969,457.93701171875,457.2799987792969,457.93701171875,466696
2025-12-30 19:40:00+00:00,457.7820129394531,458.0190124511719,457.2800903320313,457.5480041503906,338573
2025-12-30 19:45:00+00:00,457.2799987792969,457.9700012207031,457.25,457.7752990722656,336561
2025-12-30 19:50:00+00:00,458.0589904785156,458.0700073242188,457.0700073242188,457.2900085449219,403058
2025-12-30 19:55:00+00:00,457.9039001464844,458.5899963378906,457.75,458.05999755859375,483820
2025-12-30 20:00:00+00:00,457.9450073242188,458.2999877929688,457.75,457.8599853515625,307013
2025-12-30 20:05:00+00:00,457.3302001953125,458.0499877929688,456.9400024414063,457.9599914550781,507918
2025-12-30 20:10:00+00:00,456.3800048828125,457.4200134277344,456.2001037597656,457.3132019042969,636967
2025-12-30 20:15:00+00:00,456.981689453125,457.2000122070313,456.1000061035156,456.375,463075
2025-12-30 20:20:00+00:00,457.1900024414063,457.4500122070313,456.5799865722656,457.02679443359375,422035
2025-12-30 20:25:00+00:00,456.1199951171875,457.239990234375,456.1000061035156,457.1900024414063,390138
2025-12-30 20:30:00+00:00,456.2699890136719,456.4299011230469,455.8299865722656,456.1400146484375,560959
2025-12-30 20:35:00+00:00,455.80999755859375,456.4599914550781,455.7001037597656,456.2999877929688,439562
2025-12-30 20:40:00+00:00,455.7000122070313,456.239990234375,455.5199890136719,455.81439208984375,522473
2025-12-30 20:45:00+00:00,455.7799987792969,455.9574890136719,455.4500122070313,455.6700134277344,374548
2025-12-30 20:50:00+00:00,454.9800109863281,456.1600036621094,454.3999938964844,455.8599853515625,938473
2025-12-30 20:55:00+00:00,454.4299926757813,455.2300109863281,454.0400085449219,454.9500122070313,1114464
